model,uf,target_week,target_week_end,information_cutoff_date,issued_at_utc,sivep_snapshot_date,source_snapshot_lag_days,search_prediction,partial_reported,completeness_fraction,calibration_partial,calibration_final,calibration_start,calibration_end,completion_prediction,prediction,lower80,upper80,status,actual,resolved_at_snapshot
combined,AC,2026-08-16,2026-08-22,2026-08-22,2026-09-01T22:39:17+00:00,2026-08-24,2,,1.000000,,,,,,,30.073000,23.075000,41.648000,pending,,
combined,AC,2026-08-30,2026-09-05,2026-09-05,2026-09-11T01:58:17+00:00,2026-08-24,-12,,0.000000,,,,,,,28.811000,20.682000,41.660000,pending,,
combined,AC,2026-09-20,2026-09-26,2026-09-26,2026-10-03T10:31:57+00:00,2026-09-28,2,,1.000000,,,,,,,29.457000,22.334000,40.911000,pending,,
combined,AC,2026-09-27,2026-10-03,2026-10-03,2026-10-10T17:24:59+00:00,2026-09-28,-5,,0.000000,,,,,,,24.877000,15.809000,38.774000,pending,,
combined,AL,2026-08-16,2026-08-22,2026-08-22,2026-09-01T22:39:17+00:00,2026-08-24,2,,1.000000,,,,,,,23.898000,15.729000,39.804000,pending,,
combined,AL,2026-08-30,2026-09-05,2026-09-05,2026-09-11T01:58:17+00:00,2026-08-24,-12,,0.000000,,,,,,,21.866000,12.172000,37.601000,pending,,
combined,AL,2026-09-20,2026-09-26,2026-09-26,2026-10-03T10:31:57+00:00,2026-09-28,2,,4.000000,,,,,,,17.968000,8.861000,32.469000,pending,,
combined,AL,2026-09-27,2026-10-03,2026-10-03,2026-10-10T17:24:59+00:00,2026-09-28,-5,,0.000000,,,,,,,17.636000,7.669000,32.468000,pending,,
combined,AM,2026-08-16,2026-08-22,2026-08-22,2026-09-01T22:39:17+00:00,2026-08-24,2,,9.000000,,,,,,,63.757000,47.804000,93.025000,pending,,
combined,AM,2026-08-30,2026-09-05,2026-09-05,2026-09-11T01:58:17+00:00,2026-08-24,-12,,0.000000,,,,,,,60.781000,38.160000,97.458000,pending,,
combined,AM,2026-09-20,2026-09-26,2026-09-26,2026-10-03T10:31:57+00:00,2026-09-28,2,,3.000000,,,,,,,59.843000,39.876000,95.536000,pending,,
combined,AM,2026-09-27,2026-10-03,2026-10-03,2026-10-10T17:24:59+00:00,2026-09-28,-5,,0.000000,,,,,,,56.514000,38.871000,89.692000,pending,,
combined,AP,2026-08-16,2026-08-22,2026-08-22,2026-09-01T22:39:17+00:00,2026-08-24,2,,2.000000,,,,,,,32.588000,22.344000,49.892000,pending,,
combined,AP,2026-08-30,2026-09-05,2026-09-05,2026-09-11T01:58:17+00:00,2026-08-24,-12,,0.000000,,,,,,,30.933000,20.424000,49.479000,pending,,
combined,AP,2026-09-20,2026-09-26,2026-09-26,2026-10-03T10:31:57+00:00,2026-09-28,2,,2.000000,,,,,,,28.641000,19.257000,44.805000,pending,,
combined,AP,2026-09-27,2026-10-03,2026-10-03,2026-10-10T17:24:59+00:00,2026-09-28,-5,,0.000000,,,,,,,25.675000,15.930000,43.586000,pending,,
combined,BA,2026-08-16,2026-08-22,2026-08-22,2026-09-01T22:39:17+00:00,2026-08-24,2,,10.000000,,,,,,,191.549000,128.429000,279.950000,pending,,
combined,BA,2026-08-30,2026-09-05,2026-09-05,2026-09-11T01:58:17+00:00,2026-08-24,-12,,0.000000,,,,,,,184.130000,132.189000,264.604000,pending,,
combined,BA,2026-09-20,2026-09-26,2026-09-26,2026-10-03T10:31:57+00:00,2026-09-28,2,,17.000000,,,,,,,154.874000,108.398000,217.741000,pending,,
combined,BA,2026-09-27,2026-10-03,2026-10-03,2026-10-10T17:24:59+00:00,2026-09-28,-5,,0.000000,,,,,,,160.363000,110.828000,218.331000,pending,,
combined,BR,2026-08-16,2026-08-22,2026-08-22,2026-09-01T22:39:17+00:00,2026-08-24,2,,274.000000,,,,,,,3653.728000,3028.589000,4415.308000,pending,,
combined,BR,2026-08-30,2026-09-05,2026-09-05,2026-09-11T01:58:17+00:00,2026-08-24,-12,,0.000000,,,,,,,3600.070000,2951.133000,4288.381000,pending,,
combined,BR,2026-09-13,2026-09-19,2026-09-19,2026-10-03T10:31:57+00:00,2026-09-28,9,,1987.000000,,,,,,,3265.569000,2788.674000,4080.859000,pending,,
combined,BR,2026-09-20,2026-09-26,2026-09-26,2026-10-03T16:33:15+00:00,2026-09-28,2,,283.000000,,,,,,,3355.711000,2759.607000,4078.995000,pending,,
combined,BR,2026-09-27,2026-10-03,2026-10-03,2026-10-10T17:24:59+00:00,2026-09-28,-5,,0.000000,,,,,,,3294.590000,2643.186000,3939.675000,pending,,
combined,CE,2026-08-16,2026-08-22,2026-08-22,2026-09-01T22:39:17+00:00,2026-08-24,2,,10.000000,,,,,,,114.631000,87.407000,163.330000,pending,,
combined,CE,2026-08-30,2026-09-05,2026-09-05,2026-09-11T01:58:17+00:00,2026-08-24,-12,,0.000000,,,,,,,127.501000,102.483000,174.046000,pending,,
combined,CE,2026-09-20,2026-09-26,2026-09-26,2026-10-03T10:31:57+00:00,2026-09-28,2,,10.000000,,,,,,,117.907000,90.741000,163.183000,pending,,
combined,CE,2026-09-27,2026-10-03,2026-10-03,2026-10-10T17:24:59+00:00,2026-09-28,-5,,0.000000,,,,,,,102.623000,78.799000,146.948000,pending,,
combined,DF,2026-08-16,2026-08-22,2026-08-22,2026-09-01T22:39:17+00:00,2026-08-24,2,,3.000000,,,,,,,114.939000,86.807000,167.672000,pending,,
combined,DF,2026-08-30,2026-09-05,2026-09-05,2026-09-11T01:58:17+00:00,2026-08-24,-12,,0.000000,,,,,,,108.823000,80.006000,161.786000,pending,,
combined,DF,2026-09-20,2026-09-26,2026-09-26,2026-10-03T10:31:57+00:00,2026-09-28,2,,2.000000,,,,,,,95.927000,61.382000,165.715000,pending,,
combined,DF,2026-09-27,2026-10-03,2026-10-03,2026-10-10T17:24:59+00:00,2026-09-28,-5,,0.000000,,,,,,,92.059000,60.570000,157.757000,pending,,
combined,ES,2026-08-16,2026-08-22,2026-08-22,2026-09-01T22:39:17+00:00,2026-08-24,2,,1.000000,,,,,,,48.508000,25.844000,86.588000,pending,,
combined,ES,2026-08-30,2026-09-05,2026-09-05,2026-09-11T01:58:17+00:00,2026-08-24,-12,,0.000000,,,,,,,48.940000,27.020000,85.994000,pending,,
combined,ES,2026-09-20,2026-09-26,2026-09-26,2026-10-03T10:31:57+00:00,2026-09-28,2,,1.000000,,,,,,,47.804000,26.355000,85.722000,pending,,
combined,ES,2026-09-27,2026-10-03,2026-10-03,2026-10-10T17:24:59+00:00,2026-09-28,-5,,0.000000,,,,,,,43.189000,18.966000,85.083000,pending,,
combined,GO,2026-08-16,2026-08-22,2026-08-22,2026-09-01T22:39:17+00:00,2026-08-24,2,,11.000000,,,,,,,109.746000,80.584000,183.732000,pending,,
combined,GO,2026-08-30,2026-09-05,2026-09-05,2026-09-11T01:58:17+00:00,2026-08-24,-12,,0.000000,,,,,,,119.770000,96.790000,182.211000,pending,,
combined,GO,2026-09-20,2026-09-26,2026-09-26,2026-10-03T10:31:57+00:00,2026-09-28,2,,10.000000,,,,,,,107.794000,68.893000,191.840000,pending,,
combined,GO,2026-09-27,2026-10-03,2026-10-03,2026-10-10T17:24:59+00:00,2026-09-28,-5,,0.000000,,,,,,,104.427000,66.579000,187.995000,pending,,
combined,MA,2026-08-16,2026-08-22,2026-08-22,2026-09-01T22:39:17+00:00,2026-08-24,2,,0.000000,,,,,,,33.538000,16.028000,66.880000,pending,,
combined,MA,2026-08-30,2026-09-05,2026-09-05,2026-09-11T01:58:17+00:00,2026-08-24,-12,,0.000000,,,,,,,46.733000,26.604000,79.020000,pending,,
combined,MA,2026-09-20,2026-09-26,2026-09-26,2026-10-03T10:31:57+00:00,2026-09-28,2,,2.000000,,,,,,,38.280000,14.431000,67.146000,pending,,
combined,MA,2026-09-27,2026-10-03,2026-10-03,2026-10-10T17:24:59+00:00,2026-09-28,-5,,0.000000,,,,,,,36.276000,11.908000,63.795000,pending,,
combined,MG,2026-08-16,2026-08-22,2026-08-22,2026-09-01T22:39:17+00:00,2026-08-24,2,,24.000000,,,,,,,435.707000,322.072000,715.524000,pending,,
combined,MG,2026-08-30,2026-09-05,2026-09-05,2026-09-11T01:58:17+00:00,2026-08-24,-12,,0.000000,,,,,,,413.907000,279.487000,694.865000,pending,,
combined,MG,2026-09-20,2026-09-26,2026-09-26,2026-10-03T10:31:57+00:00,2026-09-28,2,,26.000000,,,,,,,373.651000,274.714000,629.360000,pending,,
combined,MG,2026-09-27,2026-10-03,2026-10-03,2026-10-10T17:24:59+00:00,2026-09-28,-5,,0.000000,,,,,,,367.812000,281.774000,607.835000,pending,,
combined,MS,2026-08-16,2026-08-22,2026-08-22,2026-09-01T22:39:17+00:00,2026-08-24,2,,8.000000,,,,,,,116.791000,68.125000,190.991000,pending,,
combined,MS,2026-08-30,2026-09-05,2026-09-05,2026-09-11T01:58:17+00:00,2026-08-24,-12,,0.000000,,,,,,,119.792000,65.292000,186.837000,pending,,
combined,MS,2026-09-20,2026-09-26,2026-09-26,2026-10-03T10:31:57+00:00,2026-09-28,2,,7.000000,,,,,,,108.870000,66.328000,166.208000,pending,,
combined,MS,2026-09-27,2026-10-03,2026-10-03,2026-10-10T17:24:59+00:00,2026-09-28,-5,,0.000000,,,,,,,119.113000,48.616000,166.842000,pending,,
combined,MT,2026-08-16,2026-08-22,2026-08-22,2026-09-01T22:39:17+00:00,2026-08-24,2,,2.000000,,,,,,,41.310000,33.340000,70.218000,pending,,
combined,MT,2026-08-30,2026-09-05,2026-09-05,2026-09-11T01:58:17+00:00,2026-08-24,-12,,0.000000,,,,,,,38.988000,26.557000,65.787000,pending,,
combined,MT,2026-09-20,2026-09-26,2026-09-26,2026-10-03T10:31:57+00:00,2026-09-28,2,,0.000000,,,,,,,26.843000,19.245000,52.779000,pending,,
combined,MT,2026-09-27,2026-10-03,2026-10-03,2026-10-10T17:24:59+00:00,2026-09-28,-5,,0.000000,,,,,,,29.147000,17.593000,52.412000,pending,,
combined,PA,2026-08-16,2026-08-22,2026-08-22,2026-09-01T22:39:17+00:00,2026-08-24,2,,1.000000,,,,,,,64.607000,41.039000,112.230000,pending,,
combined,PA,2026-08-30,2026-09-05,2026-09-05,2026-09-11T01:58:17+00:00,2026-08-24,-12,,0.000000,,,,,,,73.100000,54.714000,113.473000,pending,,
combined,PA,2026-09-20,2026-09-26,2026-09-26,2026-10-03T10:31:57+00:00,2026-09-28,2,,4.000000,,,,,,,66.154000,45.759000,107.282000,pending,,
combined,PA,2026-09-27,2026-10-03,2026-10-03,2026-10-10T17:24:59+00:00,2026-09-28,-5,,0.000000,,,,,,,64.976000,47.422000,106.150000,pending,,
combined,PB,2026-08-16,2026-08-22,2026-08-22,2026-09-01T22:39:17+00:00,2026-08-24,2,,17.000000,,,,,,,93.849000,69.588000,154.477000,pending,,
combined,PB,2026-08-30,2026-09-05,2026-09-05,2026-09-11T01:58:17+00:00,2026-08-24,-12,,0.000000,,,,,,,77.815000,51.225000,140.427000,pending,,
combined,PB,2026-09-20,2026-09-26,2026-09-26,2026-10-03T10:31:57+00:00,2026-09-28,2,,10.000000,,,,,,,71.928000,51.808000,125.219000,pending,,
combined,PB,2026-09-27,2026-10-03,2026-10-03,2026-10-10T17:24:59+00:00,2026-09-28,-5,,0.000000,,,,,,,69.093000,50.502000,114.577000,pending,,
combined,PE,2026-08-16,2026-08-22,2026-08-22,2026-09-01T22:39:17+00:00,2026-08-24,2,,8.000000,,,,,,,85.620000,47.473000,145.398000,pending,,
combined,PE,2026-08-30,2026-09-05,2026-09-05,2026-09-11T01:58:17+00:00,2026-08-24,-12,,0.000000,,,,,,,80.291000,50.875000,127.307000,pending,,
combined,PE,2026-09-20,2026-09-26,2026-09-26,2026-10-03T10:31:57+00:00,2026-09-28,2,,9.000000,,,,,,,75.095000,45.874000,106.873000,pending,,
combined,PE,2026-09-27,2026-10-03,2026-10-03,2026-10-10T17:24:59+00:00,2026-09-28,-5,,0.000000,,,,,,,66.328000,36.177000,93.297000,pending,,
combined,PI,2026-08-16,2026-08-22,2026-08-22,2026-09-01T22:39:17+00:00,2026-08-24,2,,1.000000,,,,,,,17.304000,9.912000,27.244000,pending,,
combined,PI,2026-08-30,2026-09-05,2026-09-05,2026-09-11T01:58:17+00:00,2026-08-24,-12,,0.000000,,,,,,,13.178000,5.343000,23.987000,pending,,
combined,PI,2026-09-20,2026-09-26,2026-09-26,2026-10-03T10:31:57+00:00,2026-09-28,2,,1.000000,,,,,,,15.225000,8.655000,23.139000,pending,,
combined,PI,2026-09-27,2026-10-03,2026-10-03,2026-10-10T17:24:59+00:00,2026-09-28,-5,,0.000000,,,,,,,14.239000,7.663000,22.867000,pending,,
combined,PR,2026-08-16,2026-08-22,2026-08-22,2026-09-01T22:39:17+00:00,2026-08-24,2,,35.000000,,,,,,,348.588000,264.763000,487.059000,pending,,
combined,PR,2026-08-30,2026-09-05,2026-09-05,2026-09-11T01:58:17+00:00,2026-08-24,-12,,0.000000,,,,,,,338.718000,247.156000,476.066000,pending,,
combined,PR,2026-09-20,2026-09-26,2026-09-26,2026-10-03T10:31:57+00:00,2026-09-28,2,,29.000000,,,,,,,286.821000,216.065000,439.550000,pending,,
combined,PR,2026-09-27,2026-10-03,2026-10-03,2026-10-10T17:24:59+00:00,2026-09-28,-5,,0.000000,,,,,,,317.442000,216.405000,427.950000,pending,,
combined,RJ,2026-08-16,2026-08-22,2026-08-22,2026-09-01T22:39:17+00:00,2026-08-24,2,,9.000000,,,,,,,215.736000,163.806000,348.006000,pending,,
combined,RJ,2026-08-30,2026-09-05,2026-09-05,2026-09-11T01:58:17+00:00,2026-08-24,-12,,0.000000,,,,,,,232.746000,178.413000,347.199000,pending,,
combined,RJ,2026-09-20,2026-09-26,2026-09-26,2026-10-03T10:31:57+00:00,2026-09-28,2,,15.000000,,,,,,,234.233000,178.612000,321.839000,pending,,
combined,RJ,2026-09-27,2026-10-03,2026-10-03,2026-10-10T17:24:59+00:00,2026-09-28,-5,,0.000000,,,,,,,212.498000,163.855000,316.706000,pending,,
combined,RN,2026-08-16,2026-08-22,2026-08-22,2026-09-01T22:39:17+00:00,2026-08-24,2,,0.000000,,,,,,,29.652000,14.547000,48.206000,pending,,
combined,RN,2026-08-30,2026-09-05,2026-09-05,2026-09-11T01:58:17+00:00,2026-08-24,-12,,0.000000,,,,,,,28.780000,18.598000,41.837000,pending,,
combined,RN,2026-09-20,2026-09-26,2026-09-26,2026-10-03T10:31:57+00:00,2026-09-28,2,,1.000000,,,,,,,28.000000,17.222000,42.258000,pending,,
combined,RN,2026-09-27,2026-10-03,2026-10-03,2026-10-10T17:24:59+00:00,2026-09-28,-5,,0.000000,,,,,,,24.969000,13.355000,40.170000,pending,,
combined,RO,2026-08-16,2026-08-22,2026-08-22,2026-09-01T22:39:17+00:00,2026-08-24,2,,0.000000,,,,,,,13.985000,1.638000,31.800000,pending,,
combined,RO,2026-08-30,2026-09-05,2026-09-05,2026-09-11T01:58:17+00:00,2026-08-24,-12,,0.000000,,,,,,,14.677000,1.715000,30.009000,pending,,
combined,RO,2026-09-20,2026-09-26,2026-09-26,2026-10-03T10:31:57+00:00,2026-09-28,2,,1.000000,,,,,,,13.584000,1.705000,28.501000,pending,,
combined,RO,2026-09-27,2026-10-03,2026-10-03,2026-10-10T17:24:59+00:00,2026-09-28,-5,,0.000000,,,,,,,12.516000,1.535000,25.185000,pending,,
combined,RR,2026-08-16,2026-08-22,2026-08-22,2026-09-01T22:39:17+00:00,2026-08-24,2,,5.000000,,,,,,,38.303000,28.028000,54.137000,pending,,
combined,RR,2026-08-30,2026-09-05,2026-09-05,2026-09-11T01:58:17+00:00,2026-08-24,-12,,0.000000,,,,,,,29.569000,23.564000,42.508000,pending,,
combined,RR,2026-09-20,2026-09-26,2026-09-26,2026-10-03T10:31:57+00:00,2026-09-28,2,,4.000000,,,,,,,29.523000,22.636000,42.832000,pending,,
combined,RR,2026-09-27,2026-10-03,2026-10-03,2026-10-10T17:24:59+00:00,2026-09-28,-5,,0.000000,,,,,,,27.929000,21.662000,42.462000,pending,,
combined,RS,2026-08-16,2026-08-22,2026-08-22,2026-09-01T22:39:17+00:00,2026-08-24,2,,34.000000,,,,,,,326.879000,206.879000,459.624000,pending,,
combined,RS,2026-08-30,2026-09-05,2026-09-05,2026-09-11T01:58:17+00:00,2026-08-24,-12,,0.000000,,,,,,,332.804000,230.128000,462.524000,pending,,
combined,RS,2026-09-20,2026-09-26,2026-09-26,2026-10-03T10:31:57+00:00,2026-09-28,2,,32.000000,,,,,,,291.045000,224.902000,433.645000,pending,,
combined,RS,2026-09-27,2026-10-03,2026-10-03,2026-10-10T17:24:59+00:00,2026-09-28,-5,,0.000000,,,,,,,280.413000,200.916000,410.567000,pending,,
combined,SC,2026-08-16,2026-08-22,2026-08-22,2026-09-01T22:39:17+00:00,2026-08-24,2,,26.000000,,,,,,,192.875000,109.350000,272.256000,pending,,
combined,SC,2026-08-30,2026-09-05,2026-09-05,2026-09-11T01:58:17+00:00,2026-08-24,-12,,0.000000,,,,,,,181.935000,114.444000,264.968000,pending,,
combined,SC,2026-09-20,2026-09-26,2026-09-26,2026-10-03T10:31:57+00:00,2026-09-28,2,,24.000000,,,,,,,172.169000,119.988000,262.008000,pending,,
combined,SC,2026-09-27,2026-10-03,2026-10-03,2026-10-10T17:24:59+00:00,2026-09-28,-5,,0.000000,,,,,,,165.889000,106.226000,244.828000,pending,,
combined,SE,2026-08-16,2026-08-22,2026-08-22,2026-09-01T22:39:17+00:00,2026-08-24,2,,4.000000,,,,,,,61.654000,46.845000,82.538000,pending,,
combined,SE,2026-08-30,2026-09-05,2026-09-05,2026-09-11T01:58:17+00:00,2026-08-24,-12,,0.000000,,,,,,,55.470000,38.942000,72.342000,pending,,
combined,SE,2026-09-13,2026-09-19,2026-09-19,2026-10-03T10:31:57+00:00,2026-09-28,9,,54.000000,,,,,,,64.058000,36.035000,83.809000,pending,,
combined,SE,2026-09-20,2026-09-26,2026-09-26,2026-10-03T16:33:15+00:00,2026-09-28,2,,5.000000,,,,,,,68.745000,37.590000,97.632000,pending,,
combined,SE,2026-09-27,2026-10-03,2026-10-03,2026-10-10T17:24:59+00:00,2026-09-28,-5,,0.000000,,,,,,,60.028000,37.454000,81.643000,pending,,
combined,SP,2026-08-16,2026-08-22,2026-08-22,2026-09-01T22:39:17+00:00,2026-08-24,2,,50.000000,,,,,,,751.307000,570.071000,1020.397000,pending,,
combined,SP,2026-08-30,2026-09-05,2026-09-05,2026-09-11T01:58:17+00:00,2026-08-24,-12,,0.000000,,,,,,,689.731000,518.914000,959.273000,pending,,
combined,SP,2026-09-20,2026-09-26,2026-09-26,2026-10-03T10:31:57+00:00,2026-09-28,2,,61.000000,,,,,,,744.827000,595.647000,957.988000,pending,,
combined,SP,2026-09-27,2026-10-03,2026-10-03,2026-10-10T17:24:59+00:00,2026-09-28,-5,,0.000000,,,,,,,766.657000,609.870000,979.815000,pending,,
combined,TO,2026-08-16,2026-08-22,2026-08-22,2026-09-01T22:39:17+00:00,2026-08-24,2,,2.000000,,,,,,,7.335000,3.101000,12.621000,pending,,
combined,TO,2026-08-30,2026-09-05,2026-09-05,2026-09-11T01:58:17+00:00,2026-08-24,-12,,0.000000,,,,,,,7.782000,2.576000,13.367000,pending,,
combined,TO,2026-09-13,2026-09-19,2026-09-19,2026-10-03T10:31:57+00:00,2026-09-28,9,,2.000000,,,,,,,6.444000,2.135000,13.598000,pending,,
combined,TO,2026-09-20,2026-09-26,2026-09-26,2026-10-03T16:33:15+00:00,2026-09-28,2,,2.000000,,,,,,,7.003000,2.524000,12.585000,pending,,
combined,TO,2026-09-27,2026-10-03,2026-10-03,2026-10-10T17:24:59+00:00,2026-09-28,-5,,0.000000,,,,,,,6.401000,1.748000,12.323000,pending,,
ensemble,AC,2026-08-16,2026-08-22,2026-08-22,2026-09-01T22:39:17+00:00,2026-08-24,2,,1.000000,,,,,,,32.146000,24.903000,46.087000,pending,,
ensemble,AC,2026-08-30,2026-09-05,2026-09-05,2026-09-11T01:58:17+00:00,2026-08-24,-12,,0.000000,,,,,,,32.623000,25.164000,46.664000,pending,,
ensemble,AC,2026-09-20,2026-09-26,2026-09-26,2026-10-03T10:31:57+00:00,2026-09-28,2,,1.000000,,,,,,,30.915000,24.247000,45.275000,pending,,
ensemble,AC,2026-09-27,2026-10-03,2026-10-03,2026-10-10T17:24:59+00:00,2026-09-28,-5,,0.000000,,,,,,,29.754000,22.588000,44.330000,pending,,
ensemble,AL,2026-08-16,2026-08-22,2026-08-22,2026-09-01T22:39:17+00:00,2026-08-24,2,,1.000000,,,,,,,25.795000,15.328000,49.448000,pending,,
ensemble,AL,2026-08-30,2026-09-05,2026-09-05,2026-09-11T01:58:17+00:00,2026-08-24,-12,,0.000000,,,,,,,19.732000,9.580000,43.856000,pending,,
ensemble,AL,2026-09-20,2026-09-26,2026-09-26,2026-10-03T10:31:57+00:00,2026-09-28,2,,4.000000,,,,,,,16.937000,6.366000,41.199000,pending,,
ensemble,AL,2026-09-27,2026-10-03,2026-10-03,2026-10-10T17:24:59+00:00,2026-09-28,-5,,0.000000,,,,,,,15.271000,5.303000,39.137000,pending,,
ensemble,AM,2026-08-16,2026-08-22,2026-08-22,2026-09-01T22:39:17+00:00,2026-08-24,2,,9.000000,,,,,,,71.514000,65.196000,106.386000,pending,,
ensemble,AM,2026-08-30,2026-09-05,2026-09-05,2026-09-11T01:58:17+00:00,2026-08-24,-12,,0.000000,,,,,,,76.562000,72.596000,110.533000,pending,,
ensemble,AM,2026-09-20,2026-09-26,2026-09-26,2026-10-03T10:31:57+00:00,2026-09-28,2,,3.000000,,,,,,,73.687000,66.174000,109.388000,pending,,
ensemble,AM,2026-09-27,2026-10-03,2026-10-03,2026-10-10T17:24:59+00:00,2026-09-28,-5,,0.000000,,,,,,,68.029000,60.607000,103.598000,pending,,
ensemble,AP,2026-08-16,2026-08-22,2026-08-22,2026-09-01T22:39:17+00:00,2026-08-24,2,,2.000000,,,,,,,33.177000,22.724000,55.226000,pending,,
ensemble,AP,2026-08-30,2026-09-05,2026-09-05,2026-09-11T01:58:17+00:00,2026-08-24,-12,,0.000000,,,,,,,33.866000,22.761000,56.602000,pending,,
ensemble,AP,2026-09-20,2026-09-26,2026-09-26,2026-10-03T10:31:57+00:00,2026-09-28,2,,2.000000,,,,,,,30.282000,19.602000,51.378000,pending,,
ensemble,AP,2026-09-27,2026-10-03,2026-10-03,2026-10-10T17:24:59+00:00,2026-09-28,-5,,0.000000,,,,,,,30.351000,21.374000,52.099000,pending,,
ensemble,BA,2026-08-16,2026-08-22,2026-08-22,2026-09-01T22:39:17+00:00,2026-08-24,2,,10.000000,,,,,,,239.098000,188.945000,303.999000,pending,,
ensemble,BA,2026-08-30,2026-09-05,2026-09-05,2026-09-11T01:58:17+00:00,2026-08-24,-12,,0.000000,,,,,,,220.259000,171.610000,291.216000,pending,,
ensemble,BA,2026-09-20,2026-09-26,2026-09-26,2026-10-03T10:31:57+00:00,2026-09-28,2,,17.000000,,,,,,,179.747000,103.930000,240.655000,pending,,
ensemble,BA,2026-09-27,2026-10-03,2026-10-03,2026-10-10T17:24:59+00:00,2026-09-28,-5,,0.000000,,,,,,,183.725000,100.935000,238.809000,pending,,
ensemble,BR,2026-08-16,2026-08-22,2026-08-22,2026-09-01T22:39:17+00:00,2026-08-24,2,,274.000000,,,,,,,3899.456000,2804.772000,4711.259000,pending,,
ensemble,BR,2026-08-30,2026-09-05,2026-09-05,2026-09-11T01:58:17+00:00,2026-08-24,-12,,0.000000,,,,,,,3722.141000,2643.361000,4608.098000,pending,,
ensemble,BR,2026-09-13,2026-09-19,2026-09-19,2026-10-03T10:31:57+00:00,2026-09-28,9,,1987.000000,,,,,,,3566.138000,2466.964000,4378.827000,pending,,
ensemble,BR,2026-09-20,2026-09-26,2026-09-26,2026-10-03T16:33:15+00:00,2026-09-28,2,,283.000000,,,,,,,3565.422000,2466.253000,4375.601000,pending,,
ensemble,BR,2026-09-27,2026-10-03,2026-10-03,2026-10-10T17:24:59+00:00,2026-09-28,-5,,0.000000,,,,,,,3425.179000,2324.914000,4235.776000,pending,,
ensemble,CE,2026-08-16,2026-08-22,2026-08-22,2026-09-01T22:39:17+00:00,2026-08-24,2,,10.000000,,,,,,,128.262000,102.858000,184.284000,pending,,
ensemble,CE,2026-08-30,2026-09-05,2026-09-05,2026-09-11T01:58:17+00:00,2026-08-24,-12,,0.000000,,,,,,,123.002000,99.905000,176.688000,pending,,
ensemble,CE,2026-09-20,2026-09-26,2026-09-26,2026-10-03T10:31:57+00:00,2026-09-28,2,,10.000000,,,,,,,114.815000,87.219000,172.526000,pending,,
ensemble,CE,2026-09-27,2026-10-03,2026-10-03,2026-10-10T17:24:59+00:00,2026-09-28,-5,,0.000000,,,,,,,108.246000,81.524000,163.900000,pending,,
ensemble,DF,2026-08-16,2026-08-22,2026-08-22,2026-09-01T22:39:17+00:00,2026-08-24,2,,3.000000,,,,,,,129.879000,97.726000,191.455000,pending,,
ensemble,DF,2026-08-30,2026-09-05,2026-09-05,2026-09-11T01:58:17+00:00,2026-08-24,-12,,0.000000,,,,,,,125.646000,93.394000,184.611000,pending,,
ensemble,DF,2026-09-20,2026-09-26,2026-09-26,2026-10-03T10:31:57+00:00,2026-09-28,2,,2.000000,,,,,,,120.853000,78.598000,195.397000,pending,,
ensemble,DF,2026-09-27,2026-10-03,2026-10-03,2026-10-10T17:24:59+00:00,2026-09-28,-5,,0.000000,,,,,,,113.117000,70.985000,187.661000,pending,,
ensemble,ES,2026-08-16,2026-08-22,2026-08-22,2026-09-01T22:39:17+00:00,2026-08-24,2,,1.000000,,,,,,,63.015000,28.680000,102.178000,pending,,
ensemble,ES,2026-08-30,2026-09-05,2026-09-05,2026-09-11T01:58:17+00:00,2026-08-24,-12,,0.000000,,,,,,,60.880000,24.532000,102.949000,pending,,
ensemble,ES,2026-09-20,2026-09-26,2026-09-26,2026-10-03T10:31:57+00:00,2026-09-28,2,,1.000000,,,,,,,63.608000,32.960000,100.148000,pending,,
ensemble,ES,2026-09-27,2026-10-03,2026-10-03,2026-10-10T17:24:59+00:00,2026-09-28,-5,,0.000000,,,,,,,62.379000,32.616000,100.024000,pending,,
ensemble,GO,2026-08-16,2026-08-22,2026-08-22,2026-09-01T22:39:17+00:00,2026-08-24,2,,11.000000,,,,,,,131.491000,107.402000,218.785000,pending,,
ensemble,GO,2026-08-30,2026-09-05,2026-09-05,2026-09-11T01:58:17+00:00,2026-08-24,-12,,0.000000,,,,,,,130.540000,106.259000,216.845000,pending,,
ensemble,GO,2026-09-20,2026-09-26,2026-09-26,2026-10-03T10:31:57+00:00,2026-09-28,2,,10.000000,,,,,,,138.588000,109.425000,227.328000,pending,,
ensemble,GO,2026-09-27,2026-10-03,2026-10-03,2026-10-10T17:24:59+00:00,2026-09-28,-5,,0.000000,,,,,,,134.854000,106.566000,223.594000,pending,,
ensemble,MA,2026-08-16,2026-08-22,2026-08-22,2026-09-01T22:39:17+00:00,2026-08-24,2,,0.000000,,,,,,,39.075000,13.108000,87.557000,pending,,
ensemble,MA,2026-08-30,2026-09-05,2026-09-05,2026-09-11T01:58:17+00:00,2026-08-24,-12,,0.000000,,,,,,,41.465000,21.404000,92.088000,pending,,
ensemble,MA,2026-09-20,2026-09-26,2026-09-26,2026-10-03T10:31:57+00:00,2026-09-28,2,,2.000000,,,,,,,33.560000,9.127000,78.726000,pending,,
ensemble,MA,2026-09-27,2026-10-03,2026-10-03,2026-10-10T17:24:59+00:00,2026-09-28,-5,,0.000000,,,,,,,30.553000,7.090000,73.788000,pending,,
ensemble,MG,2026-08-16,2026-08-22,2026-08-22,2026-09-01T22:39:17+00:00,2026-08-24,2,,24.000000,,,,,,,436.415000,275.418000,926.399000,pending,,
ensemble,MG,2026-08-30,2026-09-05,2026-09-05,2026-09-11T01:58:17+00:00,2026-08-24,-12,,0.000000,,,,,,,415.814000,227.054000,908.647000,pending,,
ensemble,MG,2026-09-20,2026-09-26,2026-09-26,2026-10-03T10:31:57+00:00,2026-09-28,2,,26.000000,,,,,,,391.303000,230.858000,806.702000,pending,,
ensemble,MG,2026-09-27,2026-10-03,2026-10-03,2026-10-10T17:24:59+00:00,2026-09-28,-5,,0.000000,,,,,,,372.625000,246.067000,784.867000,pending,,
ensemble,MS,2026-08-16,2026-08-22,2026-08-22,2026-09-01T22:39:17+00:00,2026-08-24,2,,8.000000,,,,,,,127.581000,49.095000,235.745000,pending,,
ensemble,MS,2026-08-30,2026-09-05,2026-09-05,2026-09-11T01:58:17+00:00,2026-08-24,-12,,0.000000,,,,,,,122.584000,46.877000,231.179000,pending,,
ensemble,MS,2026-09-20,2026-09-26,2026-09-26,2026-10-03T10:31:57+00:00,2026-09-28,2,,7.000000,,,,,,,119.739000,49.429000,197.063000,pending,,
ensemble,MS,2026-09-27,2026-10-03,2026-10-03,2026-10-10T17:24:59+00:00,2026-09-28,-5,,0.000000,,,,,,,104.226000,32.493000,178.249000,pending,,
ensemble,MT,2026-08-16,2026-08-22,2026-08-22,2026-09-01T22:39:17+00:00,2026-08-24,2,,2.000000,,,,,,,39.620000,34.231000,88.831000,pending,,
ensemble,MT,2026-08-30,2026-09-05,2026-09-05,2026-09-11T01:58:17+00:00,2026-08-24,-12,,0.000000,,,,,,,31.976000,24.237000,80.243000,pending,,
ensemble,MT,2026-09-20,2026-09-26,2026-09-26,2026-10-03T10:31:57+00:00,2026-09-28,2,,0.000000,,,,,,,26.685000,19.481000,74.102000,pending,,
ensemble,MT,2026-09-27,2026-10-03,2026-10-03,2026-10-10T17:24:59+00:00,2026-09-28,-5,,0.000000,,,,,,,23.294000,15.212000,69.309000,pending,,
ensemble,PA,2026-08-16,2026-08-22,2026-08-22,2026-09-01T22:39:17+00:00,2026-08-24,2,,1.000000,,,,,,,79.214000,67.042000,134.584000,pending,,
ensemble,PA,2026-08-30,2026-09-05,2026-09-05,2026-09-11T01:58:17+00:00,2026-08-24,-12,,0.000000,,,,,,,81.199000,70.614000,134.808000,pending,,
ensemble,PA,2026-09-20,2026-09-26,2026-09-26,2026-10-03T10:31:57+00:00,2026-09-28,2,,4.000000,,,,,,,78.308000,62.722000,126.336000,pending,,
ensemble,PA,2026-09-27,2026-10-03,2026-10-03,2026-10-10T17:24:59+00:00,2026-09-28,-5,,0.000000,,,,,,,74.952000,60.610000,127.201000,pending,,
ensemble,PB,2026-08-16,2026-08-22,2026-08-22,2026-09-01T22:39:17+00:00,2026-08-24,2,,17.000000,,,,,,,110.698000,95.392000,183.816000,pending,,
ensemble,PB,2026-08-30,2026-09-05,2026-09-05,2026-09-11T01:58:17+00:00,2026-08-24,-12,,0.000000,,,,,,,97.630000,79.717000,169.746000,pending,,
ensemble,PB,2026-09-20,2026-09-26,2026-09-26,2026-10-03T10:31:57+00:00,2026-09-28,2,,10.000000,,,,,,,82.855000,54.126000,155.300000,pending,,
ensemble,PB,2026-09-27,2026-10-03,2026-10-03,2026-10-10T17:24:59+00:00,2026-09-28,-5,,0.000000,,,,,,,73.185000,44.117000,144.722000,pending,,
ensemble,PE,2026-08-16,2026-08-22,2026-08-22,2026-09-01T22:39:17+00:00,2026-08-24,2,,8.000000,,,,,,,116.241000,79.812000,163.420000,pending,,
ensemble,PE,2026-08-30,2026-09-05,2026-09-05,2026-09-11T01:58:17+00:00,2026-08-24,-12,,0.000000,,,,,,,100.582000,63.623000,143.963000,pending,,
ensemble,PE,2026-09-20,2026-09-26,2026-09-26,2026-10-03T10:31:57+00:00,2026-09-28,2,,9.000000,,,,,,,82.190000,34.855000,122.366000,pending,,
ensemble,PE,2026-09-27,2026-10-03,2026-10-03,2026-10-10T17:24:59+00:00,2026-09-28,-5,,0.000000,,,,,,,67.656000,26.087000,108.382000,pending,,
ensemble,PI,2026-08-16,2026-08-22,2026-08-22,2026-09-01T22:39:17+00:00,2026-08-24,2,,1.000000,,,,,,,19.608000,14.320000,28.640000,pending,,
ensemble,PI,2026-08-30,2026-09-05,2026-09-05,2026-09-11T01:58:17+00:00,2026-08-24,-12,,0.000000,,,,,,,17.356000,12.273000,27.606000,pending,,
ensemble,PI,2026-09-20,2026-09-26,2026-09-26,2026-10-03T10:31:57+00:00,2026-09-28,2,,1.000000,,,,,,,14.450000,7.595000,22.120000,pending,,
ensemble,PI,2026-09-27,2026-10-03,2026-10-03,2026-10-10T17:24:59+00:00,2026-09-28,-5,,0.000000,,,,,,,13.477000,6.616000,21.572000,pending,,
ensemble,PR,2026-08-16,2026-08-22,2026-08-22,2026-09-01T22:39:17+00:00,2026-08-24,2,,35.000000,,,,,,,362.176000,228.079000,568.556000,pending,,
ensemble,PR,2026-08-30,2026-09-05,2026-09-05,2026-09-11T01:58:17+00:00,2026-08-24,-12,,0.000000,,,,,,,337.436000,210.676000,569.417000,pending,,
ensemble,PR,2026-09-20,2026-09-26,2026-09-26,2026-10-03T10:31:57+00:00,2026-09-28,2,,29.000000,,,,,,,324.641000,198.896000,514.947000,pending,,
ensemble,PR,2026-09-27,2026-10-03,2026-10-03,2026-10-10T17:24:59+00:00,2026-09-28,-5,,0.000000,,,,,,,305.885000,180.561000,506.687000,pending,,
ensemble,RJ,2026-08-16,2026-08-22,2026-08-22,2026-09-01T22:39:17+00:00,2026-08-24,2,,9.000000,,,,,,,239.472000,165.729000,423.023000,pending,,
ensemble,RJ,2026-08-30,2026-09-05,2026-09-05,2026-09-11T01:58:17+00:00,2026-08-24,-12,,0.000000,,,,,,,235.493000,162.632000,424.139000,pending,,
ensemble,RJ,2026-09-20,2026-09-26,2026-09-26,2026-10-03T10:31:57+00:00,2026-09-28,2,,15.000000,,,,,,,227.466000,159.142000,375.909000,pending,,
ensemble,RJ,2026-09-27,2026-10-03,2026-10-03,2026-10-10T17:24:59+00:00,2026-09-28,-5,,0.000000,,,,,,,228.996000,159.816000,374.556000,pending,,
ensemble,RN,2026-08-16,2026-08-22,2026-08-22,2026-09-01T22:39:17+00:00,2026-08-24,2,,0.000000,,,,,,,41.305000,30.895000,52.248000,pending,,
ensemble,RN,2026-08-30,2026-09-05,2026-09-05,2026-09-11T01:58:17+00:00,2026-08-24,-12,,0.000000,,,,,,,34.561000,23.840000,46.190000,pending,,
ensemble,RN,2026-09-20,2026-09-26,2026-09-26,2026-10-03T10:31:57+00:00,2026-09-28,2,,1.000000,,,,,,,35.001000,22.024000,46.568000,pending,,
ensemble,RN,2026-09-27,2026-10-03,2026-10-03,2026-10-10T17:24:59+00:00,2026-09-28,-5,,0.000000,,,,,,,32.938000,19.601000,44.509000,pending,,
ensemble,RO,2026-08-16,2026-08-22,2026-08-22,2026-09-01T22:39:17+00:00,2026-08-24,2,,0.000000,,,,,,,18.969000,0.000000,41.432000,pending,,
ensemble,RO,2026-08-30,2026-09-05,2026-09-05,2026-09-11T01:58:17+00:00,2026-08-24,-12,,0.000000,,,,,,,17.354000,0.000000,39.560000,pending,,
ensemble,RO,2026-09-20,2026-09-26,2026-09-26,2026-10-03T10:31:57+00:00,2026-09-28,2,,1.000000,,,,,,,17.167000,0.000000,37.008000,pending,,
ensemble,RO,2026-09-27,2026-10-03,2026-10-03,2026-10-10T17:24:59+00:00,2026-09-28,-5,,0.000000,,,,,,,14.032000,0.000000,33.167000,pending,,
ensemble,RR,2026-08-16,2026-08-22,2026-08-22,2026-09-01T22:39:17+00:00,2026-08-24,2,,5.000000,,,,,,,31.605000,26.338000,49.344000,pending,,
ensemble,RR,2026-08-30,2026-09-05,2026-09-05,2026-09-11T01:58:17+00:00,2026-08-24,-12,,0.000000,,,,,,,30.138000,24.224000,47.379000,pending,,
ensemble,RR,2026-09-20,2026-09-26,2026-09-26,2026-10-03T10:31:57+00:00,2026-09-28,2,,4.000000,,,,,,,30.046000,23.357000,48.149000,pending,,
ensemble,RR,2026-09-27,2026-10-03,2026-10-03,2026-10-10T17:24:59+00:00,2026-09-28,-5,,0.000000,,,,,,,28.858000,23.856000,48.180000,pending,,
ensemble,RS,2026-08-16,2026-08-22,2026-08-22,2026-09-01T22:39:17+00:00,2026-08-24,2,,34.000000,,,,,,,267.757000,180.762000,515.128000,pending,,
ensemble,RS,2026-08-30,2026-09-05,2026-09-05,2026-09-11T01:58:17+00:00,2026-08-24,-12,,0.000000,,,,,,,287.608000,204.796000,531.029000,pending,,
ensemble,RS,2026-09-20,2026-09-26,2026-09-26,2026-10-03T10:31:57+00:00,2026-09-28,2,,32.000000,,,,,,,285.090000,200.062000,539.526000,pending,,
ensemble,RS,2026-09-27,2026-10-03,2026-10-03,2026-10-10T17:24:59+00:00,2026-09-28,-5,,0.000000,,,,,,,263.825000,174.253000,516.489000,pending,,
ensemble,SC,2026-08-16,2026-08-22,2026-08-22,2026-09-01T22:39:17+00:00,2026-08-24,2,,26.000000,,,,,,,172.751000,86.039000,324.829000,pending,,
ensemble,SC,2026-08-30,2026-09-05,2026-09-05,2026-09-11T01:58:17+00:00,2026-08-24,-12,,0.000000,,,,,,,177.870000,90.828000,325.250000,pending,,
ensemble,SC,2026-09-20,2026-09-26,2026-09-26,2026-10-03T10:31:57+00:00,2026-09-28,2,,24.000000,,,,,,,188.339000,97.479000,311.300000,pending,,
ensemble,SC,2026-09-27,2026-10-03,2026-10-03,2026-10-10T17:24:59+00:00,2026-09-28,-5,,0.000000,,,,,,,174.779000,81.843000,291.831000,pending,,
ensemble,SE,2026-08-16,2026-08-22,2026-08-22,2026-09-01T22:39:17+00:00,2026-08-24,2,,4.000000,,,,,,,62.309000,44.495000,88.453000,pending,,
ensemble,SE,2026-08-30,2026-09-05,2026-09-05,2026-09-11T01:58:17+00:00,2026-08-24,-12,,0.000000,,,,,,,55.940000,33.933000,78.173000,pending,,
ensemble,SE,2026-09-13,2026-09-19,2026-09-19,2026-10-03T10:31:57+00:00,2026-09-28,9,,54.000000,,,,,,,51.117000,29.978000,77.531000,pending,,
ensemble,SE,2026-09-20,2026-09-26,2026-09-26,2026-10-03T16:33:15+00:00,2026-09-28,2,,5.000000,,,,,,,52.489000,31.535000,78.039000,pending,,
ensemble,SE,2026-09-27,2026-10-03,2026-10-03,2026-10-10T17:24:59+00:00,2026-09-28,-5,,0.000000,,,,,,,53.056000,31.238000,78.845000,pending,,
ensemble,SP,2026-08-16,2026-08-22,2026-08-22,2026-09-01T22:39:17+00:00,2026-08-24,2,,50.000000,,,,,,,871.613000,632.701000,1108.004000,pending,,
ensemble,SP,2026-08-30,2026-09-05,2026-09-05,2026-09-11T01:58:17+00:00,2026-08-24,-12,,0.000000,,,,,,,804.462000,569.402000,1051.699000,pending,,
ensemble,SP,2026-09-20,2026-09-26,2026-09-26,2026-10-03T10:31:57+00:00,2026-09-28,2,,61.000000,,,,,,,797.655000,555.310000,1053.200000,pending,,
ensemble,SP,2026-09-27,2026-10-03,2026-10-03,2026-10-10T17:24:59+00:00,2026-09-28,-5,,0.000000,,,,,,,808.314000,568.300000,1081.754000,pending,,
ensemble,TO,2026-08-16,2026-08-22,2026-08-22,2026-09-01T22:39:17+00:00,2026-08-24,2,,2.000000,,,,,,,8.670000,1.922000,14.334000,pending,,
ensemble,TO,2026-08-30,2026-09-05,2026-09-05,2026-09-11T01:58:17+00:00,2026-08-24,-12,,0.000000,,,,,,,9.563000,1.954000,15.227000,pending,,
ensemble,TO,2026-09-13,2026-09-19,2026-09-19,2026-10-03T10:31:57+00:00,2026-09-28,9,,2.000000,,,,,,,9.888000,2.878000,16.016000,pending,,
ensemble,TO,2026-09-20,2026-09-26,2026-09-26,2026-10-03T16:33:15+00:00,2026-09-28,2,,2.000000,,,,,,,9.006000,1.698000,14.348000,pending,,
ensemble,TO,2026-09-27,2026-10-03,2026-10-03,2026-10-10T17:24:59+00:00,2026-09-28,-5,,0.000000,,,,,,,8.802000,1.260000,14.164000,pending,,
infogripe,AC,2026-08-16,2026-08-22,2026-08-22,2026-09-01T22:39:17+00:00,2026-08-24,2,,10.000000,,,,,,,28.000000,22.000000,36.000000,pending,,
infogripe,AC,2026-08-30,2026-09-05,2026-09-05,2026-09-11T01:58:17+00:00,2026-08-24,-12,,8.000000,,,,,,,25.000000,19.000000,33.000000,pending,,
infogripe,AC,2026-09-20,2026-09-26,2026-09-26,2026-10-03T10:31:57+00:00,2026-09-28,2,,9.000000,,,,,,,28.000000,21.000000,36.000000,pending,,
infogripe,AC,2026-09-27,2026-10-03,2026-10-03,2026-10-10T17:24:59+00:00,2026-09-28,-5,,5.000000,,,,,,,20.000000,14.000000,27.000000,pending,,
infogripe,AL,2026-08-16,2026-08-22,2026-08-22,2026-09-01T22:39:17+00:00,2026-08-24,2,,7.000000,,,,,,,22.000000,16.000000,29.000000,pending,,
infogripe,AL,2026-08-30,2026-09-05,2026-09-05,2026-09-11T01:58:17+00:00,2026-08-24,-12,,7.000000,,,,,,,24.000000,17.000000,34.000000,pending,,
infogripe,AL,2026-09-20,2026-09-26,2026-09-26,2026-10-03T10:31:57+00:00,2026-09-28,2,,6.000000,,,,,,,19.000000,13.000000,27.000000,pending,,
infogripe,AL,2026-09-27,2026-10-03,2026-10-03,2026-10-10T17:24:59+00:00,2026-09-28,-5,,5.000000,,,,,,,20.000000,13.000000,29.000000,pending,,
infogripe,AM,2026-08-16,2026-08-22,2026-08-22,2026-09-01T22:39:17+00:00,2026-08-24,2,,14.000000,,,,,,,56.000000,44.000000,70.000000,pending,,
infogripe,AM,2026-08-30,2026-09-05,2026-09-05,2026-09-11T01:58:17+00:00,2026-08-24,-12,,10.000000,,,,,,,45.000000,35.000000,56.000000,pending,,
infogripe,AM,2026-09-20,2026-09-26,2026-09-26,2026-10-03T10:31:57+00:00,2026-09-28,2,,13.000000,,,,,,,46.000000,37.000000,58.000000,pending,,
infogripe,AM,2026-09-27,2026-10-03,2026-10-03,2026-10-10T17:24:59+00:00,2026-09-28,-5,,12.000000,,,,,,,45.000000,36.000000,55.000000,pending,,
infogripe,AP,2026-08-16,2026-08-22,2026-08-22,2026-09-01T22:39:17+00:00,2026-08-24,2,,9.000000,,,,,,,32.000000,22.000000,45.000000,pending,,
infogripe,AP,2026-08-30,2026-09-05,2026-09-05,2026-09-11T01:58:17+00:00,2026-08-24,-12,,7.000000,,,,,,,28.000000,19.000000,41.000000,pending,,
infogripe,AP,2026-09-20,2026-09-26,2026-09-26,2026-10-03T10:31:57+00:00,2026-09-28,2,,7.000000,,,,,,,27.000000,19.000000,38.000000,pending,,
infogripe,AP,2026-09-27,2026-10-03,2026-10-03,2026-10-10T17:24:59+00:00,2026-09-28,-5,,5.000000,,,,,,,21.000000,14.000000,30.000000,pending,,
infogripe,BA,2026-08-16,2026-08-22,2026-08-22,2026-09-01T22:39:17+00:00,2026-08-24,2,,23.000000,,,,,,,144.000000,121.000000,171.000000,pending,,
infogripe,BA,2026-08-30,2026-09-05,2026-09-05,2026-09-11T01:58:17+00:00,2026-08-24,-12,,31.000000,,,,,,,148.000000,125.000000,173.000000,pending,,
infogripe,BA,2026-09-20,2026-09-26,2026-09-26,2026-10-03T10:31:57+00:00,2026-09-28,2,,31.000000,,,,,,,130.000000,110.000000,155.000000,pending,,
infogripe,BA,2026-09-27,2026-10-03,2026-10-03,2026-10-10T17:24:59+00:00,2026-09-28,-5,,32.000000,,,,,,,137.000000,115.000000,164.000000,pending,,
infogripe,BR,2026-08-16,2026-08-22,2026-08-22,2026-09-01T22:39:17+00:00,2026-08-24,2,,775.000000,,,,,,,3408.000000,3131.000000,3721.000000,pending,,
infogripe,BR,2026-08-30,2026-09-05,2026-09-05,2026-09-11T01:58:17+00:00,2026-08-24,-12,,749.000000,,,,,,,3478.000000,3189.000000,3824.000000,pending,,
infogripe,BR,2026-09-20,2026-09-26,2026-09-26,2026-10-03T10:31:57+00:00,2026-09-28,2,,715.000000,,,,,,,3146.000000,2916.000000,3452.000000,pending,,
infogripe,BR,2026-09-27,2026-10-03,2026-10-03,2026-10-10T17:24:59+00:00,2026-09-28,-5,,703.000000,,,,,,,3164.000000,2898.000000,3457.000000,pending,,
infogripe,CE,2026-08-16,2026-08-22,2026-08-22,2026-09-01T22:39:17+00:00,2026-08-24,2,,34.000000,,,,,,,101.000000,82.000000,127.000000,pending,,
infogripe,CE,2026-08-30,2026-09-05,2026-09-05,2026-09-11T01:58:17+00:00,2026-08-24,-12,,38.000000,,,,,,,132.000000,106.000000,172.000000,pending,,
infogripe,CE,2026-09-20,2026-09-26,2026-09-26,2026-10-03T10:31:57+00:00,2026-09-28,2,,35.000000,,,,,,,121.000000,95.000000,156.000000,pending,,
infogripe,CE,2026-09-27,2026-10-03,2026-10-03,2026-10-10T17:24:59+00:00,2026-09-28,-5,,22.000000,,,,,,,97.000000,77.000000,128.000000,pending,,
infogripe,DF,2026-08-16,2026-08-22,2026-08-22,2026-09-01T22:39:17+00:00,2026-08-24,2,,25.000000,,,,,,,100.000000,83.000000,122.000000,pending,,
infogripe,DF,2026-08-30,2026-09-05,2026-09-05,2026-09-11T01:58:17+00:00,2026-08-24,-12,,20.000000,,,,,,,92.000000,76.000000,108.000000,pending,,
infogripe,DF,2026-09-20,2026-09-26,2026-09-26,2026-10-03T10:31:57+00:00,2026-09-28,2,,13.000000,,,,,,,71.000000,58.000000,88.000000,pending,,
infogripe,DF,2026-09-27,2026-10-03,2026-10-03,2026-10-10T17:24:59+00:00,2026-09-28,-5,,13.000000,,,,,,,71.000000,58.000000,86.000000,pending,,
infogripe,ES,2026-08-16,2026-08-22,2026-08-22,2026-09-01T22:39:17+00:00,2026-08-24,2,,3.000000,,,,,,,34.000000,25.000000,46.000000,pending,,
infogripe,ES,2026-08-30,2026-09-05,2026-09-05,2026-09-11T01:58:17+00:00,2026-08-24,-12,,9.000000,,,,,,,37.000000,28.000000,47.000000,pending,,
infogripe,ES,2026-09-20,2026-09-26,2026-09-26,2026-10-03T10:31:57+00:00,2026-09-28,2,,8.000000,,,,,,,32.000000,25.000000,41.000000,pending,,
infogripe,ES,2026-09-27,2026-10-03,2026-10-03,2026-10-10T17:24:59+00:00,2026-09-28,-5,,1.000000,,,,,,,24.000000,17.000000,33.000000,pending,,
infogripe,GO,2026-08-16,2026-08-22,2026-08-22,2026-09-01T22:39:17+00:00,2026-08-24,2,,34.000000,,,,,,,88.000000,77.000000,102.000000,pending,,
infogripe,GO,2026-08-30,2026-09-05,2026-09-05,2026-09-11T01:58:17+00:00,2026-08-24,-12,,33.000000,,,,,,,109.000000,93.000000,128.000000,pending,,
infogripe,GO,2026-09-20,2026-09-26,2026-09-26,2026-10-03T10:31:57+00:00,2026-09-28,2,,23.000000,,,,,,,77.000000,65.000000,91.000000,pending,,
infogripe,GO,2026-09-27,2026-10-03,2026-10-03,2026-10-10T17:24:59+00:00,2026-09-28,-5,,24.000000,,,,,,,74.000000,63.000000,88.000000,pending,,
infogripe,MA,2026-08-16,2026-08-22,2026-08-22,2026-09-01T22:39:17+00:00,2026-08-24,2,,1.000000,,,,,,,28.000000,18.000000,42.000000,pending,,
infogripe,MA,2026-08-30,2026-09-05,2026-09-05,2026-09-11T01:58:17+00:00,2026-08-24,-12,,8.000000,,,,,,,52.000000,37.000000,72.000000,pending,,
infogripe,MA,2026-09-20,2026-09-26,2026-09-26,2026-10-03T10:31:57+00:00,2026-09-28,2,,3.000000,,,,,,,43.000000,30.000000,61.000000,pending,,
infogripe,MA,2026-09-27,2026-10-03,2026-10-03,2026-10-10T17:24:59+00:00,2026-09-28,-5,,4.000000,,,,,,,42.000000,30.000000,59.000000,pending,,
infogripe,MG,2026-08-16,2026-08-22,2026-08-22,2026-09-01T22:39:17+00:00,2026-08-24,2,,53.000000,,,,,,,435.000000,383.000000,499.000000,pending,,
infogripe,MG,2026-08-30,2026-09-05,2026-09-05,2026-09-11T01:58:17+00:00,2026-08-24,-12,,54.000000,,,,,,,412.000000,363.000000,468.000000,pending,,
infogripe,MG,2026-09-20,2026-09-26,2026-09-26,2026-10-03T10:31:57+00:00,2026-09-28,2,,58.000000,,,,,,,356.000000,313.000000,403.000000,pending,,
infogripe,MG,2026-09-27,2026-10-03,2026-10-03,2026-10-10T17:24:59+00:00,2026-09-28,-5,,52.000000,,,,,,,363.000000,319.000000,411.000000,pending,,
infogripe,MS,2026-08-16,2026-08-22,2026-08-22,2026-09-01T22:39:17+00:00,2026-08-24,2,,25.000000,,,,,,,106.000000,89.000000,126.000000,pending,,
infogripe,MS,2026-08-30,2026-09-05,2026-09-05,2026-09-11T01:58:17+00:00,2026-08-24,-12,,21.000000,,,,,,,117.000000,97.000000,145.000000,pending,,
infogripe,MS,2026-09-20,2026-09-26,2026-09-26,2026-10-03T10:31:57+00:00,2026-09-28,2,,14.000000,,,,,,,98.000000,81.000000,120.000000,pending,,
infogripe,MS,2026-09-27,2026-10-03,2026-10-03,2026-10-10T17:24:59+00:00,2026-09-28,-5,,35.000000,,,,,,,134.000000,111.000000,162.000000,pending,,
infogripe,MT,2026-08-16,2026-08-22,2026-08-22,2026-09-01T22:39:17+00:00,2026-08-24,2,,8.000000,,,,,,,43.000000,32.000000,58.000000,pending,,
infogripe,MT,2026-08-30,2026-09-05,2026-09-05,2026-09-11T01:58:17+00:00,2026-08-24,-12,,9.000000,,,,,,,46.000000,35.000000,60.000000,pending,,
infogripe,MT,2026-09-20,2026-09-26,2026-09-26,2026-10-03T10:31:57+00:00,2026-09-28,2,,1.000000,,,,,,,27.000000,19.000000,37.000000,pending,,
infogripe,MT,2026-09-27,2026-10-03,2026-10-03,2026-10-10T17:24:59+00:00,2026-09-28,-5,,7.000000,,,,,,,35.000000,26.000000,46.000000,pending,,
infogripe,PA,2026-08-16,2026-08-22,2026-08-22,2026-09-01T22:39:17+00:00,2026-08-24,2,,5.000000,,,,,,,50.000000,37.000000,64.000000,pending,,
infogripe,PA,2026-08-30,2026-09-05,2026-09-05,2026-09-11T01:58:17+00:00,2026-08-24,-12,,10.000000,,,,,,,65.000000,50.000000,82.000000,pending,,
infogripe,PA,2026-09-20,2026-09-26,2026-09-26,2026-10-03T10:31:57+00:00,2026-09-28,2,,6.000000,,,,,,,54.000000,42.000000,70.000000,pending,,
infogripe,PA,2026-09-27,2026-10-03,2026-10-03,2026-10-10T17:24:59+00:00,2026-09-28,-5,,10.000000,,,,,,,55.000000,44.000000,70.000000,pending,,
infogripe,PB,2026-08-16,2026-08-22,2026-08-22,2026-09-01T22:39:17+00:00,2026-08-24,2,,33.000000,,,,,,,77.000000,66.000000,93.000000,pending,,
infogripe,PB,2026-08-30,2026-09-05,2026-09-05,2026-09-11T01:58:17+00:00,2026-08-24,-12,,19.000000,,,,,,,58.000000,48.000000,69.000000,pending,,
infogripe,PB,2026-09-20,2026-09-26,2026-09-26,2026-10-03T10:31:57+00:00,2026-09-28,2,,21.000000,,,,,,,61.000000,51.000000,73.000000,pending,,
infogripe,PB,2026-09-27,2026-10-03,2026-10-03,2026-10-10T17:24:59+00:00,2026-09-28,-5,,27.000000,,,,,,,65.000000,55.000000,75.000000,pending,,
infogripe,PE,2026-08-16,2026-08-22,2026-08-22,2026-09-01T22:39:17+00:00,2026-08-24,2,,16.000000,,,,,,,55.000000,44.000000,67.000000,pending,,
infogripe,PE,2026-08-30,2026-09-05,2026-09-05,2026-09-11T01:58:17+00:00,2026-08-24,-12,,14.000000,,,,,,,60.000000,48.000000,76.000000,pending,,
infogripe,PE,2026-09-20,2026-09-26,2026-09-26,2026-10-03T10:31:57+00:00,2026-09-28,2,,17.000000,,,,,,,68.000000,55.000000,82.000000,pending,,
infogripe,PE,2026-09-27,2026-10-03,2026-10-03,2026-10-10T17:24:59+00:00,2026-09-28,-5,,10.000000,,,,,,,65.000000,51.000000,79.000000,pending,,
infogripe,PI,2026-08-16,2026-08-22,2026-08-22,2026-09-01T22:39:17+00:00,2026-08-24,2,,1.000000,,,,,,,15.000000,8.000000,25.000000,pending,,
infogripe,PI,2026-08-30,2026-09-05,2026-09-05,2026-09-11T01:58:17+00:00,2026-08-24,-12,,0.000000,,,,,,,9.000000,4.000000,16.000000,pending,,
infogripe,PI,2026-09-20,2026-09-26,2026-09-26,2026-10-03T10:31:57+00:00,2026-09-28,2,,4.000000,,,,,,,16.000000,10.000000,24.000000,pending,,
infogripe,PI,2026-09-27,2026-10-03,2026-10-03,2026-10-10T17:24:59+00:00,2026-09-28,-5,,2.000000,,,,,,,15.000000,9.000000,24.000000,pending,,
infogripe,PR,2026-08-16,2026-08-22,2026-08-22,2026-09-01T22:39:17+00:00,2026-08-24,2,,101.000000,,,,,,,335.000000,296.000000,378.000000,pending,,
infogripe,PR,2026-08-30,2026-09-05,2026-09-05,2026-09-11T01:58:17+00:00,2026-08-24,-12,,100.000000,,,,,,,340.000000,296.000000,386.000000,pending,,
infogripe,PR,2026-09-20,2026-09-26,2026-09-26,2026-10-03T10:31:57+00:00,2026-09-28,2,,79.000000,,,,,,,249.000000,222.000000,283.000000,pending,,
infogripe,PR,2026-09-27,2026-10-03,2026-10-03,2026-10-10T17:24:59+00:00,2026-09-28,-5,,108.000000,,,,,,,329.000000,291.000000,372.000000,pending,,
infogripe,RJ,2026-08-16,2026-08-22,2026-08-22,2026-09-01T22:39:17+00:00,2026-08-24,2,,28.000000,,,,,,,192.000000,163.000000,227.000000,pending,,
infogripe,RJ,2026-08-30,2026-09-05,2026-09-05,2026-09-11T01:58:17+00:00,2026-08-24,-12,,38.000000,,,,,,,230.000000,193.000000,273.000000,pending,,
infogripe,RJ,2026-09-20,2026-09-26,2026-09-26,2026-10-03T10:31:57+00:00,2026-09-28,2,,40.000000,,,,,,,241.000000,206.000000,284.000000,pending,,
infogripe,RJ,2026-09-27,2026-10-03,2026-10-03,2026-10-10T17:24:59+00:00,2026-09-28,-5,,25.000000,,,,,,,196.000000,166.000000,238.000000,pending,,
infogripe,RN,2026-08-16,2026-08-22,2026-08-22,2026-09-01T22:39:17+00:00,2026-08-24,2,,3.000000,,,,,,,18.000000,13.000000,25.000000,pending,,
infogripe,RN,2026-08-30,2026-09-05,2026-09-05,2026-09-11T01:58:17+00:00,2026-08-24,-12,,7.000000,,,,,,,23.000000,17.000000,29.000000,pending,,
infogripe,RN,2026-09-20,2026-09-26,2026-09-26,2026-10-03T10:31:57+00:00,2026-09-28,2,,6.000000,,,,,,,21.000000,16.000000,28.000000,pending,,
infogripe,RN,2026-09-27,2026-10-03,2026-10-03,2026-10-10T17:24:59+00:00,2026-09-28,-5,,3.000000,,,,,,,17.000000,12.000000,24.000000,pending,,
infogripe,RO,2026-08-16,2026-08-22,2026-08-22,2026-09-01T22:39:17+00:00,2026-08-24,2,,0.000000,,,,,,,9.000000,4.000000,15.000000,pending,,
infogripe,RO,2026-08-30,2026-09-05,2026-09-05,2026-09-11T01:58:17+00:00,2026-08-24,-12,,2.000000,,,,,,,12.000000,7.000000,18.000000,pending,,
infogripe,RO,2026-09-20,2026-09-26,2026-09-26,2026-10-03T10:31:57+00:00,2026-09-28,2,,2.000000,,,,,,,10.000000,6.000000,14.000000,pending,,
infogripe,RO,2026-09-27,2026-10-03,2026-10-03,2026-10-10T17:24:59+00:00,2026-09-28,-5,,3.000000,,,,,,,11.000000,7.000000,17.000000,pending,,
infogripe,RR,2026-08-16,2026-08-22,2026-08-22,2026-09-01T22:39:17+00:00,2026-08-24,2,,22.000000,,,,,,,45.000000,37.000000,56.000000,pending,,
infogripe,RR,2026-08-30,2026-09-05,2026-09-05,2026-09-11T01:58:17+00:00,2026-08-24,-12,,13.000000,,,,,,,29.000000,23.000000,38.000000,pending,,
infogripe,RR,2026-09-20,2026-09-26,2026-09-26,2026-10-03T10:31:57+00:00,2026-09-28,2,,11.000000,,,,,,,29.000000,22.000000,38.000000,pending,,
infogripe,RR,2026-09-27,2026-10-03,2026-10-03,2026-10-10T17:24:59+00:00,2026-09-28,-5,,9.000000,,,,,,,27.000000,20.000000,37.000000,pending,,
infogripe,RS,2026-08-16,2026-08-22,2026-08-22,2026-09-01T22:39:17+00:00,2026-08-24,2,,98.000000,,,,,,,386.000000,332.000000,444.000000,pending,,
infogripe,RS,2026-08-30,2026-09-05,2026-09-05,2026-09-11T01:58:17+00:00,2026-08-24,-12,,89.000000,,,,,,,378.000000,328.000000,438.000000,pending,,
infogripe,RS,2026-09-20,2026-09-26,2026-09-26,2026-10-03T10:31:57+00:00,2026-09-28,2,,69.000000,,,,,,,297.000000,259.000000,341.000000,pending,,
infogripe,RS,2026-09-27,2026-10-03,2026-10-03,2026-10-10T17:24:59+00:00,2026-09-28,-5,,76.000000,,,,,,,297.000000,260.000000,337.000000,pending,,
infogripe,SC,2026-08-16,2026-08-22,2026-08-22,2026-09-01T22:39:17+00:00,2026-08-24,2,,64.000000,,,,,,,213.000000,188.000000,249.000000,pending,,
infogripe,SC,2026-08-30,2026-09-05,2026-09-05,2026-09-11T01:58:17+00:00,2026-08-24,-12,,42.000000,,,,,,,186.000000,162.000000,216.000000,pending,,
infogripe,SC,2026-09-20,2026-09-26,2026-09-26,2026-10-03T10:31:57+00:00,2026-09-28,2,,41.000000,,,,,,,156.000000,135.000000,181.000000,pending,,
infogripe,SC,2026-09-27,2026-10-03,2026-10-03,2026-10-10T17:24:59+00:00,2026-09-28,-5,,45.000000,,,,,,,157.000000,137.000000,184.000000,pending,,
infogripe,SE,2026-08-16,2026-08-22,2026-08-22,2026-09-01T22:39:17+00:00,2026-08-24,2,,19.000000,,,,,,,61.000000,49.000000,77.000000,pending,,
infogripe,SE,2026-08-30,2026-09-05,2026-09-05,2026-09-11T01:58:17+00:00,2026-08-24,-12,,15.000000,,,,,,,55.000000,44.000000,67.000000,pending,,
infogripe,SE,2026-09-20,2026-09-26,2026-09-26,2026-10-03T10:31:57+00:00,2026-09-28,2,,27.000000,,,,,,,85.000000,70.000000,103.000000,pending,,
infogripe,SE,2026-09-27,2026-10-03,2026-10-03,2026-10-10T17:24:59+00:00,2026-09-28,-5,,19.000000,,,,,,,67.000000,53.000000,83.000000,pending,,
infogripe,SP,2026-08-16,2026-08-22,2026-08-22,2026-09-01T22:39:17+00:00,2026-08-24,2,,136.000000,,,,,,,631.000000,555.000000,723.000000,pending,,
infogripe,SP,2026-08-30,2026-09-05,2026-09-05,2026-09-11T01:58:17+00:00,2026-08-24,-12,,143.000000,,,,,,,575.000000,507.000000,652.000000,pending,,
infogripe,SP,2026-09-20,2026-09-26,2026-09-26,2026-10-03T10:31:57+00:00,2026-09-28,2,,168.000000,,,,,,,692.000000,616.000000,790.000000,pending,,
infogripe,SP,2026-09-27,2026-10-03,2026-10-03,2026-10-10T17:24:59+00:00,2026-09-28,-5,,148.000000,,,,,,,725.000000,635.000000,824.000000,pending,,
infogripe,TO,2026-08-16,2026-08-22,2026-08-22,2026-09-01T22:39:17+00:00,2026-08-24,2,,3.000000,,,,,,,6.000000,4.000000,10.000000,pending,,
infogripe,TO,2026-08-30,2026-09-05,2026-09-05,2026-09-11T01:58:17+00:00,2026-08-24,-12,,2.000000,,,,,,,6.000000,3.000000,10.000000,pending,,
infogripe,TO,2026-09-20,2026-09-26,2026-09-26,2026-10-03T10:31:57+00:00,2026-09-28,2,,3.000000,,,,,,,5.000000,3.000000,9.000000,pending,,
infogripe,TO,2026-09-27,2026-10-03,2026-10-03,2026-10-10T17:24:59+00:00,2026-09-28,-5,,1.000000,,,,,,,4.000000,2.000000,8.000000,pending,,
lasso,AC,2026-08-16,2026-08-22,2026-08-22,2026-09-01T22:39:17+00:00,2026-08-24,2,,1.000000,,,,,,,34.892000,26.621000,54.576000,pending,,
lasso,AC,2026-08-30,2026-09-05,2026-09-05,2026-09-11T01:58:17+00:00,2026-08-24,-12,,0.000000,,,,,,,37.446000,27.883000,57.243000,pending,,
lasso,AC,2026-09-20,2026-09-26,2026-09-26,2026-10-03T10:31:57+00:00,2026-09-28,2,,1.000000,,,,,,,34.030000,26.851000,54.062000,pending,,
lasso,AC,2026-09-27,2026-10-03,2026-10-03,2026-10-10T17:24:59+00:00,2026-09-28,-5,,0.000000,,,,,,,29.709000,22.068000,48.910000,pending,,
lasso,AL,2026-08-16,2026-08-22,2026-08-22,2026-09-01T22:39:17+00:00,2026-08-24,2,,1.000000,,,,,,,22.989000,17.947000,46.998000,pending,,
lasso,AL,2026-08-30,2026-09-05,2026-09-05,2026-09-11T01:58:17+00:00,2026-08-24,-12,,0.000000,,,,,,,14.864000,9.387000,39.226000,pending,,
lasso,AL,2026-09-20,2026-09-26,2026-09-26,2026-10-03T10:31:57+00:00,2026-09-28,2,,4.000000,,,,,,,16.273000,12.294000,39.942000,pending,,
lasso,AL,2026-09-27,2026-10-03,2026-10-03,2026-10-10T17:24:59+00:00,2026-09-28,-5,,0.000000,,,,,,,13.742000,9.589000,37.417000,pending,,
lasso,AM,2026-08-16,2026-08-22,2026-08-22,2026-09-01T22:39:17+00:00,2026-08-24,2,,9.000000,,,,,,,53.627000,43.859000,89.938000,pending,,
lasso,AM,2026-08-30,2026-09-05,2026-09-05,2026-09-11T01:58:17+00:00,2026-08-24,-12,,0.000000,,,,,,,56.123000,49.182000,96.900000,pending,,
lasso,AM,2026-09-20,2026-09-26,2026-09-26,2026-10-03T10:31:57+00:00,2026-09-28,2,,3.000000,,,,,,,58.374000,53.289000,99.124000,pending,,
lasso,AM,2026-09-27,2026-10-03,2026-10-03,2026-10-10T17:24:59+00:00,2026-09-28,-5,,0.000000,,,,,,,59.258000,54.419000,97.736000,pending,,
lasso,AP,2026-08-16,2026-08-22,2026-08-22,2026-09-01T22:39:17+00:00,2026-08-24,2,,2.000000,,,,,,,35.153000,19.322000,71.147000,pending,,
lasso,AP,2026-08-30,2026-09-05,2026-09-05,2026-09-11T01:58:17+00:00,2026-08-24,-12,,0.000000,,,,,,,36.933000,21.241000,70.836000,pending,,
lasso,AP,2026-09-20,2026-09-26,2026-09-26,2026-10-03T10:31:57+00:00,2026-09-28,2,,2.000000,,,,,,,32.564000,17.595000,60.435000,pending,,
lasso,AP,2026-09-27,2026-10-03,2026-10-03,2026-10-10T17:24:59+00:00,2026-09-28,-5,,0.000000,,,,,,,33.102000,19.683000,67.024000,pending,,
lasso,BA,2026-08-16,2026-08-22,2026-08-22,2026-09-01T22:39:17+00:00,2026-08-24,2,,10.000000,,,,,,,232.996000,173.280000,290.015000,pending,,
lasso,BA,2026-08-30,2026-09-05,2026-09-05,2026-09-11T01:58:17+00:00,2026-08-24,-12,,0.000000,,,,,,,209.519000,156.553000,267.324000,pending,,
lasso,BA,2026-09-20,2026-09-26,2026-09-26,2026-10-03T10:31:57+00:00,2026-09-28,2,,17.000000,,,,,,,152.293000,84.617000,209.790000,pending,,
lasso,BA,2026-09-27,2026-10-03,2026-10-03,2026-10-10T17:24:59+00:00,2026-09-28,-5,,0.000000,,,,,,,171.651000,94.430000,223.911000,pending,,
lasso,BR,2026-08-16,2026-08-22,2026-08-22,2026-09-01T22:39:17+00:00,2026-08-24,2,,274.000000,,,,,,,3747.113000,2495.925000,4758.743000,pending,,
lasso,BR,2026-08-30,2026-09-05,2026-09-05,2026-09-11T01:58:17+00:00,2026-08-24,-12,,0.000000,,,,,,,3465.484000,2224.115000,4490.396000,pending,,
lasso,BR,2026-09-13,2026-09-19,2026-09-19,2026-10-03T10:31:57+00:00,2026-09-28,9,,1987.000000,,,,,,,3273.275000,2198.053000,4280.327000,pending,,
lasso,BR,2026-09-20,2026-09-26,2026-09-26,2026-10-03T16:33:15+00:00,2026-09-28,2,,283.000000,,,,,,,3298.442000,2224.350000,4311.010000,pending,,
lasso,BR,2026-09-27,2026-10-03,2026-10-03,2026-10-10T17:24:59+00:00,2026-09-28,-5,,0.000000,,,,,,,3060.962000,1996.275000,4052.324000,pending,,
lasso,CE,2026-08-16,2026-08-22,2026-08-22,2026-09-01T22:39:17+00:00,2026-08-24,2,,10.000000,,,,,,,135.123000,91.270000,215.189000,pending,,
lasso,CE,2026-08-30,2026-09-05,2026-09-05,2026-09-11T01:58:17+00:00,2026-08-24,-12,,0.000000,,,,,,,126.604000,83.664000,209.424000,pending,,
lasso,CE,2026-09-20,2026-09-26,2026-09-26,2026-10-03T10:31:57+00:00,2026-09-28,2,,10.000000,,,,,,,110.230000,69.952000,182.899000,pending,,
lasso,CE,2026-09-27,2026-10-03,2026-10-03,2026-10-10T17:24:59+00:00,2026-09-28,-5,,0.000000,,,,,,,99.692000,55.613000,175.457000,pending,,
lasso,DF,2026-08-16,2026-08-22,2026-08-22,2026-09-01T22:39:17+00:00,2026-08-24,2,,3.000000,,,,,,,121.358000,83.634000,199.633000,pending,,
lasso,DF,2026-08-30,2026-09-05,2026-09-05,2026-09-11T01:58:17+00:00,2026-08-24,-12,,0.000000,,,,,,,106.492000,68.539000,187.741000,pending,,
lasso,DF,2026-09-20,2026-09-26,2026-09-26,2026-10-03T10:31:57+00:00,2026-09-28,2,,2.000000,,,,,,,125.905000,66.311000,217.543000,pending,,
lasso,DF,2026-09-27,2026-10-03,2026-10-03,2026-10-10T17:24:59+00:00,2026-09-28,-5,,0.000000,,,,,,,125.834000,68.277000,216.978000,pending,,
lasso,ES,2026-08-16,2026-08-22,2026-08-22,2026-09-01T22:39:17+00:00,2026-08-24,2,,1.000000,,,,,,,59.830000,27.401000,99.544000,pending,,
lasso,ES,2026-08-30,2026-09-05,2026-09-05,2026-09-11T01:58:17+00:00,2026-08-24,-12,,0.000000,,,,,,,49.960000,17.411000,92.690000,pending,,
lasso,ES,2026-09-20,2026-09-26,2026-09-26,2026-10-03T10:31:57+00:00,2026-09-28,2,,1.000000,,,,,,,48.816000,22.888000,82.510000,pending,,
lasso,ES,2026-09-27,2026-10-03,2026-10-03,2026-10-10T17:24:59+00:00,2026-09-28,-5,,0.000000,,,,,,,43.958000,15.799000,79.839000,pending,,
lasso,GO,2026-08-16,2026-08-22,2026-08-22,2026-09-01T22:39:17+00:00,2026-08-24,2,,11.000000,,,,,,,122.182000,95.648000,214.632000,pending,,
lasso,GO,2026-08-30,2026-09-05,2026-09-05,2026-09-11T01:58:17+00:00,2026-08-24,-12,,0.000000,,,,,,,99.881000,71.256000,192.992000,pending,,
lasso,GO,2026-09-20,2026-09-26,2026-09-26,2026-10-03T10:31:57+00:00,2026-09-28,2,,10.000000,,,,,,,114.376000,79.351000,206.570000,pending,,
lasso,GO,2026-09-27,2026-10-03,2026-10-03,2026-10-10T17:24:59+00:00,2026-09-28,-5,,0.000000,,,,,,,107.308000,72.084000,199.674000,pending,,
lasso,MA,2026-08-16,2026-08-22,2026-08-22,2026-09-01T22:39:17+00:00,2026-08-24,2,,0.000000,,,,,,,40.551000,5.931000,94.353000,pending,,
lasso,MA,2026-08-30,2026-09-05,2026-09-05,2026-09-11T01:58:17+00:00,2026-08-24,-12,,0.000000,,,,,,,42.330000,21.989000,100.097000,pending,,
lasso,MA,2026-09-20,2026-09-26,2026-09-26,2026-10-03T10:31:57+00:00,2026-09-28,2,,2.000000,,,,,,,30.720000,0.000000,80.182000,pending,,
lasso,MA,2026-09-27,2026-10-03,2026-10-03,2026-10-10T17:24:59+00:00,2026-09-28,-5,,0.000000,,,,,,,24.305000,0.000000,67.805000,pending,,
lasso,MG,2026-08-16,2026-08-22,2026-08-22,2026-09-01T22:39:17+00:00,2026-08-24,2,,24.000000,,,,,,,416.430000,292.882000,903.958000,pending,,
lasso,MG,2026-08-30,2026-09-05,2026-09-05,2026-09-11T01:58:17+00:00,2026-08-24,-12,,0.000000,,,,,,,370.227000,216.957000,863.453000,pending,,
lasso,MG,2026-09-20,2026-09-26,2026-09-26,2026-10-03T10:31:57+00:00,2026-09-28,2,,26.000000,,,,,,,349.406000,237.218000,642.296000,pending,,
lasso,MG,2026-09-27,2026-10-03,2026-10-03,2026-10-10T17:24:59+00:00,2026-09-28,-5,,0.000000,,,,,,,324.650000,218.677000,600.619000,pending,,
lasso,MS,2026-08-16,2026-08-22,2026-08-22,2026-09-01T22:39:17+00:00,2026-08-24,2,,8.000000,,,,,,,112.762000,64.447000,197.258000,pending,,
lasso,MS,2026-08-30,2026-09-05,2026-09-05,2026-09-11T01:58:17+00:00,2026-08-24,-12,,0.000000,,,,,,,110.368000,55.762000,193.698000,pending,,
lasso,MS,2026-09-20,2026-09-26,2026-09-26,2026-10-03T10:31:57+00:00,2026-09-28,2,,7.000000,,,,,,,118.079000,65.262000,175.331000,pending,,
lasso,MS,2026-09-27,2026-10-03,2026-10-03,2026-10-10T17:24:59+00:00,2026-09-28,-5,,0.000000,,,,,,,90.252000,32.788000,149.731000,pending,,
lasso,MT,2026-08-16,2026-08-22,2026-08-22,2026-09-01T22:39:17+00:00,2026-08-24,2,,2.000000,,,,,,,38.241000,27.273000,85.087000,pending,,
lasso,MT,2026-08-30,2026-09-05,2026-09-05,2026-09-11T01:58:17+00:00,2026-08-24,-12,,0.000000,,,,,,,26.751000,17.194000,73.787000,pending,,
lasso,MT,2026-09-20,2026-09-26,2026-09-26,2026-10-03T10:31:57+00:00,2026-09-28,2,,0.000000,,,,,,,20.770000,13.694000,55.718000,pending,,
lasso,MT,2026-09-27,2026-10-03,2026-10-03,2026-10-10T17:24:59+00:00,2026-09-28,-5,,0.000000,,,,,,,15.387000,7.282000,50.826000,pending,,
lasso,PA,2026-08-16,2026-08-22,2026-08-22,2026-09-01T22:39:17+00:00,2026-08-24,2,,1.000000,,,,,,,69.829000,49.166000,134.743000,pending,,
lasso,PA,2026-08-30,2026-09-05,2026-09-05,2026-09-11T01:58:17+00:00,2026-08-24,-12,,0.000000,,,,,,,79.598000,62.071000,134.760000,pending,,
lasso,PA,2026-09-20,2026-09-26,2026-09-26,2026-10-03T10:31:57+00:00,2026-09-28,2,,4.000000,,,,,,,70.815000,50.531000,124.285000,pending,,
lasso,PA,2026-09-27,2026-10-03,2026-10-03,2026-10-10T17:24:59+00:00,2026-09-28,-5,,0.000000,,,,,,,67.305000,47.027000,123.220000,pending,,
lasso,PB,2026-08-16,2026-08-22,2026-08-22,2026-09-01T22:39:17+00:00,2026-08-24,2,,17.000000,,,,,,,100.596000,89.812000,169.791000,pending,,
lasso,PB,2026-08-30,2026-09-05,2026-09-05,2026-09-11T01:58:17+00:00,2026-08-24,-12,,0.000000,,,,,,,78.660000,63.211000,148.497000,pending,,
lasso,PB,2026-09-20,2026-09-26,2026-09-26,2026-10-03T10:31:57+00:00,2026-09-28,2,,10.000000,,,,,,,69.110000,56.484000,139.064000,pending,,
lasso,PB,2026-09-27,2026-10-03,2026-10-03,2026-10-10T17:24:59+00:00,2026-09-28,-5,,0.000000,,,,,,,55.770000,42.531000,122.888000,pending,,
lasso,PE,2026-08-16,2026-08-22,2026-08-22,2026-09-01T22:39:17+00:00,2026-08-24,2,,8.000000,,,,,,,134.883000,92.301000,206.867000,pending,,
lasso,PE,2026-08-30,2026-09-05,2026-09-05,2026-09-11T01:58:17+00:00,2026-08-24,-12,,0.000000,,,,,,,106.165000,63.083000,177.291000,pending,,
lasso,PE,2026-09-20,2026-09-26,2026-09-26,2026-10-03T10:31:57+00:00,2026-09-28,2,,9.000000,,,,,,,83.581000,39.203000,142.401000,pending,,
lasso,PE,2026-09-27,2026-10-03,2026-10-03,2026-10-10T17:24:59+00:00,2026-09-28,-5,,0.000000,,,,,,,57.911000,15.454000,117.722000,pending,,
lasso,PI,2026-08-16,2026-08-22,2026-08-22,2026-09-01T22:39:17+00:00,2026-08-24,2,,1.000000,,,,,,,17.617000,12.229000,30.802000,pending,,
lasso,PI,2026-08-30,2026-09-05,2026-09-05,2026-09-11T01:58:17+00:00,2026-08-24,-12,,0.000000,,,,,,,16.713000,10.993000,30.852000,pending,,
lasso,PI,2026-09-20,2026-09-26,2026-09-26,2026-10-03T10:31:57+00:00,2026-09-28,2,,1.000000,,,,,,,14.700000,7.918000,24.083000,pending,,
lasso,PI,2026-09-27,2026-10-03,2026-10-03,2026-10-10T17:24:59+00:00,2026-09-28,-5,,0.000000,,,,,,,13.355000,6.927000,22.943000,pending,,
lasso,PR,2026-08-16,2026-08-22,2026-08-22,2026-09-01T22:39:17+00:00,2026-08-24,2,,35.000000,,,,,,,349.952000,197.478000,496.868000,pending,,
lasso,PR,2026-08-30,2026-09-05,2026-09-05,2026-09-11T01:58:17+00:00,2026-08-24,-12,,0.000000,,,,,,,323.072000,166.900000,514.149000,pending,,
lasso,PR,2026-09-20,2026-09-26,2026-09-26,2026-10-03T10:31:57+00:00,2026-09-28,2,,29.000000,,,,,,,307.881000,159.788000,430.940000,pending,,
lasso,PR,2026-09-27,2026-10-03,2026-10-03,2026-10-10T17:24:59+00:00,2026-09-28,-5,,0.000000,,,,,,,272.769000,138.502000,410.522000,pending,,
lasso,RJ,2026-08-16,2026-08-22,2026-08-22,2026-09-01T22:39:17+00:00,2026-08-24,2,,9.000000,,,,,,,229.344000,192.297000,433.965000,pending,,
lasso,RJ,2026-08-30,2026-09-05,2026-09-05,2026-09-11T01:58:17+00:00,2026-08-24,-12,,0.000000,,,,,,,223.585000,173.756000,439.391000,pending,,
lasso,RJ,2026-09-20,2026-09-26,2026-09-26,2026-10-03T10:31:57+00:00,2026-09-28,2,,15.000000,,,,,,,215.732000,154.739000,322.574000,pending,,
lasso,RJ,2026-09-27,2026-10-03,2026-10-03,2026-10-10T17:24:59+00:00,2026-09-28,-5,,0.000000,,,,,,,213.793000,159.415000,331.092000,pending,,
lasso,RN,2026-08-16,2026-08-22,2026-08-22,2026-09-01T22:39:17+00:00,2026-08-24,2,,0.000000,,,,,,,42.010000,28.689000,54.682000,pending,,
lasso,RN,2026-08-30,2026-09-05,2026-09-05,2026-09-11T01:58:17+00:00,2026-08-24,-12,,0.000000,,,,,,,34.723000,23.042000,47.704000,pending,,
lasso,RN,2026-09-20,2026-09-26,2026-09-26,2026-10-03T10:31:57+00:00,2026-09-28,2,,1.000000,,,,,,,34.802000,22.794000,50.610000,pending,,
lasso,RN,2026-09-27,2026-10-03,2026-10-03,2026-10-10T17:24:59+00:00,2026-09-28,-5,,0.000000,,,,,,,31.075000,16.605000,45.368000,pending,,
lasso,RO,2026-08-16,2026-08-22,2026-08-22,2026-09-01T22:39:17+00:00,2026-08-24,2,,0.000000,,,,,,,16.937000,3.633000,40.819000,pending,,
lasso,RO,2026-08-30,2026-09-05,2026-09-05,2026-09-11T01:58:17+00:00,2026-08-24,-12,,0.000000,,,,,,,13.309000,0.420000,36.856000,pending,,
lasso,RO,2026-09-20,2026-09-26,2026-09-26,2026-10-03T10:31:57+00:00,2026-09-28,2,,1.000000,,,,,,,15.534000,2.967000,33.524000,pending,,
lasso,RO,2026-09-27,2026-10-03,2026-10-03,2026-10-10T17:24:59+00:00,2026-09-28,-5,,0.000000,,,,,,,12.465000,0.000000,30.271000,pending,,
lasso,RR,2026-08-16,2026-08-22,2026-08-22,2026-09-01T22:39:17+00:00,2026-08-24,2,,5.000000,,,,,,,29.411000,19.659000,50.661000,pending,,
lasso,RR,2026-08-30,2026-09-05,2026-09-05,2026-09-11T01:58:17+00:00,2026-08-24,-12,,0.000000,,,,,,,28.875000,18.532000,50.275000,pending,,
lasso,RR,2026-09-20,2026-09-26,2026-09-26,2026-10-03T10:31:57+00:00,2026-09-28,2,,4.000000,,,,,,,28.692000,21.219000,51.070000,pending,,
lasso,RR,2026-09-27,2026-10-03,2026-10-03,2026-10-10T17:24:59+00:00,2026-09-28,-5,,0.000000,,,,,,,26.716000,20.165000,52.736000,pending,,
lasso,RS,2026-08-16,2026-08-22,2026-08-22,2026-09-01T22:39:17+00:00,2026-08-24,2,,34.000000,,,,,,,230.513000,121.933000,431.768000,pending,,
lasso,RS,2026-08-30,2026-09-05,2026-09-05,2026-09-11T01:58:17+00:00,2026-08-24,-12,,0.000000,,,,,,,272.016000,163.370000,481.137000,pending,,
lasso,RS,2026-09-20,2026-09-26,2026-09-26,2026-10-03T10:31:57+00:00,2026-09-28,2,,32.000000,,,,,,,292.780000,207.361000,526.336000,pending,,
lasso,RS,2026-09-27,2026-10-03,2026-10-03,2026-10-10T17:24:59+00:00,2026-09-28,-5,,0.000000,,,,,,,259.051000,169.372000,487.674000,pending,,
lasso,SC,2026-08-16,2026-08-22,2026-08-22,2026-09-01T22:39:17+00:00,2026-08-24,2,,26.000000,,,,,,,148.703000,59.536000,286.536000,pending,,
lasso,SC,2026-08-30,2026-09-05,2026-09-05,2026-09-11T01:58:17+00:00,2026-08-24,-12,,0.000000,,,,,,,153.540000,69.748000,296.850000,pending,,
lasso,SC,2026-09-20,2026-09-26,2026-09-26,2026-10-03T10:31:57+00:00,2026-09-28,2,,24.000000,,,,,,,167.478000,89.703000,279.030000,pending,,
lasso,SC,2026-09-27,2026-10-03,2026-10-03,2026-10-10T17:24:59+00:00,2026-09-28,-5,,0.000000,,,,,,,140.358000,56.199000,222.411000,pending,,
lasso,SE,2026-08-16,2026-08-22,2026-08-22,2026-09-01T22:39:17+00:00,2026-08-24,2,,4.000000,,,,,,,58.417000,42.149000,89.489000,pending,,
lasso,SE,2026-08-30,2026-09-05,2026-09-05,2026-09-11T01:58:17+00:00,2026-08-24,-12,,0.000000,,,,,,,56.879000,38.632000,76.030000,pending,,
lasso,SE,2026-09-13,2026-09-19,2026-09-19,2026-10-03T10:31:57+00:00,2026-09-28,9,,54.000000,,,,,,,50.033000,32.896000,83.108000,pending,,
lasso,SE,2026-09-20,2026-09-26,2026-09-26,2026-10-03T16:33:15+00:00,2026-09-28,2,,5.000000,,,,,,,49.779000,31.734000,80.198000,pending,,
lasso,SE,2026-09-27,2026-10-03,2026-10-03,2026-10-10T17:24:59+00:00,2026-09-28,-5,,0.000000,,,,,,,50.113000,31.856000,82.407000,pending,,
lasso,SP,2026-08-16,2026-08-22,2026-08-22,2026-09-01T22:39:17+00:00,2026-08-24,2,,50.000000,,,,,,,883.027000,632.862000,1060.227000,pending,,
lasso,SP,2026-08-30,2026-09-05,2026-09-05,2026-09-11T01:58:17+00:00,2026-08-24,-12,,0.000000,,,,,,,781.325000,522.917000,962.049000,pending,,
lasso,SP,2026-09-20,2026-09-26,2026-09-26,2026-10-03T10:31:57+00:00,2026-09-28,2,,61.000000,,,,,,,728.110000,471.728000,986.610000,pending,,
lasso,SP,2026-09-27,2026-10-03,2026-10-03,2026-10-10T17:24:59+00:00,2026-09-28,-5,,0.000000,,,,,,,714.828000,456.148000,982.745000,pending,,
lasso,TO,2026-08-16,2026-08-22,2026-08-22,2026-09-01T22:39:17+00:00,2026-08-24,2,,2.000000,,,,,,,9.740000,3.312000,18.122000,pending,,
lasso,TO,2026-08-30,2026-09-05,2026-09-05,2026-09-11T01:58:17+00:00,2026-08-24,-12,,0.000000,,,,,,,9.526000,3.131000,17.494000,pending,,
lasso,TO,2026-09-13,2026-09-19,2026-09-19,2026-10-03T10:31:57+00:00,2026-09-28,9,,2.000000,,,,,,,9.577000,3.186000,18.072000,pending,,
lasso,TO,2026-09-20,2026-09-26,2026-09-26,2026-10-03T16:33:15+00:00,2026-09-28,2,,2.000000,,,,,,,7.612000,0.254000,13.581000,pending,,
lasso,TO,2026-09-27,2026-10-03,2026-10-03,2026-10-10T17:24:59+00:00,2026-09-28,-5,,0.000000,,,,,,,6.605000,0.000000,13.080000,pending,,
partial_sivep_50_50_age0_v1,AC,2026-08-16,2026-08-22,2026-08-22,2026-09-01T22:39:17+00:00,2026-08-24,2,32.146000,1.000000,0.236663,488.000000,2062.000000,2025-06-01,2026-05-24,4.225410,18.185705,,,pending,,
partial_sivep_50_50_age0_v1,AC,2026-09-13,2026-09-19,2026-09-19,2026-10-03T10:31:57+00:00,2026-09-28,9,30.315000,10.000000,0.243022,505.000000,2078.000000,2025-06-29,2026-06-21,41.148515,35.731757,,,pending,,
partial_sivep_50_50_age0_v1,AC,2026-09-20,2026-09-26,2026-09-26,2026-10-03T16:33:15+00:00,2026-09-28,2,30.915000,1.000000,0.245074,510.000000,2081.000000,2025-07-06,2026-06-28,4.080392,17.497696,,,pending,,
partial_sivep_50_50_age0_v1,AL,2026-08-16,2026-08-22,2026-08-22,2026-09-01T22:39:17+00:00,2026-08-24,2,25.795000,1.000000,0.306019,422.000000,1379.000000,2025-06-01,2026-05-24,3.267773,14.531386,,,pending,,
partial_sivep_50_50_age0_v1,AL,2026-09-13,2026-09-19,2026-09-19,2026-10-03T10:31:57+00:00,2026-09-28,9,16.669000,12.000000,0.300000,420.000000,1400.000000,2025-06-29,2026-06-21,40.000000,28.334500,,,pending,,
partial_sivep_50_50_age0_v1,AL,2026-09-20,2026-09-26,2026-09-26,2026-10-03T16:33:15+00:00,2026-09-28,2,16.937000,4.000000,0.304536,423.000000,1389.000000,2025-07-06,2026-06-28,13.134752,15.035876,,,pending,,
partial_sivep_50_50_age0_v1,AM,2026-08-16,2026-08-22,2026-08-22,2026-09-01T22:39:17+00:00,2026-08-24,2,71.514000,9.000000,0.208182,916.000000,4400.000000,2025-06-01,2026-05-24,43.231441,57.372721,,,pending,,
partial_sivep_50_50_age0_v1,AM,2026-09-13,2026-09-19,2026-09-19,2026-10-03T10:31:57+00:00,2026-09-28,9,74.354000,12.000000,0.218678,953.000000,4358.000000,2025-06-29,2026-06-21,54.875131,64.614566,,,pending,,
partial_sivep_50_50_age0_v1,AM,2026-09-20,2026-09-26,2026-09-26,2026-10-03T16:33:15+00:00,2026-09-28,2,73.687000,3.000000,0.222222,966.000000,4347.000000,2025-07-06,2026-06-28,13.500000,43.593500,,,pending,,
partial_sivep_50_50_age0_v1,AP,2026-08-16,2026-08-22,2026-08-22,2026-09-01T22:39:17+00:00,2026-08-24,2,33.177000,2.000000,0.193193,386.000000,1998.000000,2025-06-01,2026-05-24,10.352332,21.764666,,,pending,,
partial_sivep_50_50_age0_v1,AP,2026-09-13,2026-09-19,2026-09-19,2026-10-03T10:31:57+00:00,2026-09-28,9,29.624000,3.000000,0.189759,378.000000,1992.000000,2025-06-29,2026-06-21,15.809524,22.716762,,,pending,,
partial_sivep_50_50_age0_v1,AP,2026-09-20,2026-09-26,2026-09-26,2026-10-03T16:33:15+00:00,2026-09-28,2,30.282000,2.000000,0.196977,391.000000,1985.000000,2025-07-06,2026-06-28,10.153453,20.217726,,,pending,,
partial_sivep_50_50_age0_v1,BA,2026-08-16,2026-08-22,2026-08-22,2026-09-01T22:39:17+00:00,2026-08-24,2,239.098000,10.000000,0.173594,1846.000000,10634.000000,2025-06-01,2026-05-24,57.605634,148.351817,,,pending,,
partial_sivep_50_50_age0_v1,BA,2026-09-13,2026-09-19,2026-09-19,2026-10-03T10:31:57+00:00,2026-09-28,9,192.140000,22.000000,0.172999,1744.000000,10081.000000,2025-06-29,2026-06-21,127.168578,159.654289,,,pending,,
partial_sivep_50_50_age0_v1,BA,2026-09-20,2026-09-26,2026-09-26,2026-10-03T16:33:15+00:00,2026-09-28,2,179.747000,17.000000,0.173555,1730.000000,9968.000000,2025-07-06,2026-06-28,97.951445,138.849223,,,pending,,
partial_sivep_50_50_age0_v1,BR,2026-08-16,2026-08-22,2026-08-22,2026-09-01T22:39:17+00:00,2026-08-24,2,3899.456000,272.000000,0.201647,44753.000000,221937.000000,2025-06-01,2026-05-24,1321.085168,2610.270584,,,pending,,
partial_sivep_50_50_age0_v1,BR,2026-09-13,2026-09-19,2026-09-19,2026-10-03T10:31:57+00:00,2026-09-28,9,3566.138000,681.000000,0.202058,43474.000000,215156.000000,2025-06-29,2026-06-21,3420.492344,3493.315172,,,pending,,
partial_sivep_50_50_age0_v1,BR,2026-09-20,2026-09-26,2026-09-26,2026-10-03T16:33:15+00:00,2026-09-28,2,3565.422000,281.000000,0.202730,43520.000000,214670.000000,2025-07-06,2026-06-28,1416.297936,2490.859968,,,pending,,
partial_sivep_50_50_age0_v1,CE,2026-08-16,2026-08-22,2026-08-22,2026-09-01T22:39:17+00:00,2026-08-24,2,128.262000,10.000000,0.255122,2005.000000,7859.000000,2025-06-01,2026-05-24,39.197007,83.729504,,,pending,,
partial_sivep_50_50_age0_v1,CE,2026-09-13,2026-09-19,2026-09-19,2026-10-03T10:31:57+00:00,2026-09-28,9,110.914000,24.000000,0.238914,1875.000000,7848.000000,2025-06-29,2026-06-21,100.454400,105.684200,,,pending,,
partial_sivep_50_50_age0_v1,CE,2026-09-20,2026-09-26,2026-09-26,2026-10-03T16:33:15+00:00,2026-09-28,2,114.815000,10.000000,0.238278,1860.000000,7806.000000,2025-07-06,2026-06-28,41.967742,78.391371,,,pending,,
partial_sivep_50_50_age0_v1,DF,2026-08-16,2026-08-22,2026-08-22,2026-09-01T22:39:17+00:00,2026-08-24,2,129.879000,3.000000,0.187686,1259.000000,6708.000000,2025-06-01,2026-05-24,15.984114,72.931557,,,pending,,
partial_sivep_50_50_age0_v1,DF,2026-09-13,2026-09-19,2026-09-19,2026-10-03T10:31:57+00:00,2026-09-28,9,129.468000,14.000000,0.191347,1287.000000,6726.000000,2025-06-29,2026-06-21,73.165501,101.316751,,,pending,,
partial_sivep_50_50_age0_v1,DF,2026-09-20,2026-09-26,2026-09-26,2026-10-03T16:33:15+00:00,2026-09-28,2,120.853000,2.000000,0.191848,1285.000000,6698.000000,2025-07-06,2026-06-28,10.424903,65.638951,,,pending,,
partial_sivep_50_50_age0_v1,ES,2026-08-16,2026-08-22,2026-08-22,2026-09-01T22:39:17+00:00,2026-08-24,2,63.015000,1.000000,0.180538,564.000000,3124.000000,2025-06-01,2026-05-24,5.539007,34.277004,,,pending,,
partial_sivep_50_50_age0_v1,ES,2026-09-13,2026-09-19,2026-09-19,2026-10-03T10:31:57+00:00,2026-09-28,9,62.924000,4.000000,0.176974,538.000000,3040.000000,2025-06-29,2026-06-21,22.602230,42.763115,,,pending,,
partial_sivep_50_50_age0_v1,ES,2026-09-20,2026-09-26,2026-09-26,2026-10-03T16:33:15+00:00,2026-09-28,2,63.608000,1.000000,0.175707,528.000000,3005.000000,2025-07-06,2026-06-28,5.691288,34.649644,,,pending,,
partial_sivep_50_50_age0_v1,GO,2026-08-16,2026-08-22,2026-08-22,2026-09-01T22:39:17+00:00,2026-08-24,2,131.491000,11.000000,0.280389,2309.000000,8235.000000,2025-06-01,2026-05-24,39.231269,85.361134,,,pending,,
partial_sivep_50_50_age0_v1,GO,2026-09-13,2026-09-19,2026-09-19,2026-10-03T10:31:57+00:00,2026-09-28,9,137.157000,30.000000,0.295036,2401.000000,8138.000000,2025-06-29,2026-06-21,101.682632,119.419816,,,pending,,
partial_sivep_50_50_age0_v1,GO,2026-09-20,2026-09-26,2026-09-26,2026-10-03T16:33:15+00:00,2026-09-28,2,138.588000,10.000000,0.294638,2396.000000,8132.000000,2025-07-06,2026-06-28,33.939900,86.263950,,,pending,,
partial_sivep_50_50_age0_v1,MA,2026-08-16,2026-08-22,2026-08-22,2026-09-01T22:39:17+00:00,2026-08-24,2,39.075000,0.000000,0.090879,271.000000,2982.000000,2025-06-01,2026-05-24,0.000000,19.537500,,,pending,,
partial_sivep_50_50_age0_v1,MA,2026-09-13,2026-09-19,2026-09-19,2026-10-03T10:31:57+00:00,2026-09-28,9,34.260000,3.000000,0.078644,218.000000,2772.000000,2025-06-29,2026-06-21,38.146789,36.203394,,,pending,,
partial_sivep_50_50_age0_v1,MA,2026-09-20,2026-09-26,2026-09-26,2026-10-03T16:33:15+00:00,2026-09-28,2,33.560000,2.000000,0.074503,206.000000,2765.000000,2025-07-06,2026-06-28,26.844660,30.202330,,,pending,,
partial_sivep_50_50_age0_v1,MG,2026-08-16,2026-08-22,2026-08-22,2026-09-01T22:39:17+00:00,2026-08-24,2,436.415000,24.000000,0.113789,3446.000000,30284.000000,2025-06-01,2026-05-24,210.915844,323.665422,,,pending,,
partial_sivep_50_50_age0_v1,MG,2026-09-13,2026-09-19,2026-09-19,2026-10-03T10:31:57+00:00,2026-09-28,9,380.237000,52.000000,0.112191,3256.000000,29022.000000,2025-06-29,2026-06-21,463.496314,421.866657,,,pending,,
partial_sivep_50_50_age0_v1,MG,2026-09-20,2026-09-26,2026-09-26,2026-10-03T16:33:15+00:00,2026-09-28,2,391.303000,26.000000,0.113074,3277.000000,28981.000000,2025-07-06,2026-06-28,229.937748,310.620374,,,pending,,
partial_sivep_50_50_age0_v1,MS,2026-08-16,2026-08-22,2026-08-22,2026-09-01T22:39:17+00:00,2026-08-24,2,127.581000,8.000000,0.184871,1525.000000,8249.000000,2025-06-01,2026-05-24,43.273443,85.427221,,,pending,,
partial_sivep_50_50_age0_v1,MS,2026-09-13,2026-09-19,2026-09-19,2026-10-03T10:31:57+00:00,2026-09-28,9,117.480000,22.000000,0.183348,1493.000000,8143.000000,2025-06-29,2026-06-21,119.990623,118.735311,,,pending,,
partial_sivep_50_50_age0_v1,MS,2026-09-20,2026-09-26,2026-09-26,2026-10-03T16:33:15+00:00,2026-09-28,2,119.739000,7.000000,0.185299,1510.000000,8149.000000,2025-07-06,2026-06-28,37.776821,78.757911,,,pending,,
partial_sivep_50_50_age0_v1,MT,2026-08-16,2026-08-22,2026-08-22,2026-09-01T22:39:17+00:00,2026-08-24,2,39.620000,2.000000,0.111071,306.000000,2755.000000,2025-06-01,2026-05-24,18.006536,28.813268,,,pending,,
partial_sivep_50_50_age0_v1,MT,2026-09-13,2026-09-19,2026-09-19,2026-10-03T10:31:57+00:00,2026-09-28,9,27.585000,9.000000,0.108467,278.000000,2563.000000,2025-06-29,2026-06-21,82.974820,55.279910,,,pending,,
partial_sivep_50_50_age0_v1,MT,2026-09-20,2026-09-26,2026-09-26,2026-10-03T16:33:15+00:00,2026-09-28,2,26.685000,0.000000,0.111546,285.000000,2555.000000,2025-07-06,2026-06-28,0.000000,13.342500,,,pending,,
partial_sivep_50_50_age0_v1,PA,2026-08-16,2026-08-22,2026-08-22,2026-09-01T22:39:17+00:00,2026-08-24,2,79.214000,1.000000,0.127260,746.000000,5862.000000,2025-06-01,2026-05-24,7.857909,43.535954,,,pending,,
partial_sivep_50_50_age0_v1,PA,2026-09-13,2026-09-19,2026-09-19,2026-10-03T10:31:57+00:00,2026-09-28,9,83.641000,7.000000,0.131925,762.000000,5776.000000,2025-06-29,2026-06-21,53.060367,68.350684,,,pending,,
partial_sivep_50_50_age0_v1,PA,2026-09-20,2026-09-26,2026-09-26,2026-10-03T16:33:15+00:00,2026-09-28,2,78.308000,3.000000,0.135552,774.000000,5710.000000,2025-07-06,2026-06-28,22.131783,50.219891,,,pending,,
partial_sivep_50_50_age0_v1,PB,2026-08-16,2026-08-22,2026-08-22,2026-09-01T22:39:17+00:00,2026-08-24,2,110.698000,17.000000,0.325748,1775.000000,5449.000000,2025-06-01,2026-05-24,52.187606,81.442803,,,pending,,
partial_sivep_50_50_age0_v1,PB,2026-09-13,2026-09-19,2026-09-19,2026-10-03T10:31:57+00:00,2026-09-28,9,81.619000,21.000000,0.324788,1723.000000,5305.000000,2025-06-29,2026-06-21,64.657574,73.138287,,,pending,,
partial_sivep_50_50_age0_v1,PB,2026-09-20,2026-09-26,2026-09-26,2026-10-03T16:33:15+00:00,2026-09-28,2,82.855000,10.000000,0.324510,1704.000000,5251.000000,2025-07-06,2026-06-28,30.815728,56.835364,,,pending,,
partial_sivep_50_50_age0_v1,PE,2026-08-16,2026-08-22,2026-08-22,2026-09-01T22:39:17+00:00,2026-08-24,2,116.241000,8.000000,0.242840,1433.000000,5901.000000,2025-06-01,2026-05-24,32.943475,74.592238,,,pending,,
partial_sivep_50_50_age0_v1,PE,2026-09-13,2026-09-19,2026-09-19,2026-10-03T10:31:57+00:00,2026-09-28,9,84.501000,17.000000,0.252834,1405.000000,5557.000000,2025-06-29,2026-06-21,67.237722,75.869361,,,pending,,
partial_sivep_50_50_age0_v1,PE,2026-09-20,2026-09-26,2026-09-26,2026-10-03T16:33:15+00:00,2026-09-28,2,82.190000,9.000000,0.250457,1369.000000,5466.000000,2025-07-06,2026-06-28,35.934259,59.062129,,,pending,,
partial_sivep_50_50_age0_v1,PI,2026-08-16,2026-08-22,2026-08-22,2026-09-01T22:39:17+00:00,2026-08-24,2,19.608000,1.000000,0.106549,109.000000,1023.000000,2025-06-01,2026-05-24,9.385321,14.496661,,,pending,,
partial_sivep_50_50_age0_v1,PI,2026-09-13,2026-09-19,2026-09-19,2026-10-03T10:31:57+00:00,2026-09-28,9,16.173000,1.000000,0.093750,96.000000,1024.000000,2025-06-29,2026-06-21,10.666667,13.419833,,,pending,,
partial_sivep_50_50_age0_v1,PI,2026-09-20,2026-09-26,2026-09-26,2026-10-03T16:33:15+00:00,2026-09-28,2,14.450000,1.000000,0.097250,99.000000,1018.000000,2025-07-06,2026-06-28,10.282828,12.366414,,,pending,,
partial_sivep_50_50_age0_v1,PR,2026-08-16,2026-08-22,2026-08-22,2026-09-01T22:39:17+00:00,2026-08-24,2,362.176000,33.000000,0.281849,5500.000000,19514.000000,2025-06-01,2026-05-24,117.084000,239.630000,,,pending,,
partial_sivep_50_50_age0_v1,PR,2026-09-13,2026-09-19,2026-09-19,2026-10-03T10:31:57+00:00,2026-09-28,9,326.730000,69.000000,0.285441,5229.000000,18319.000000,2025-06-29,2026-06-21,241.730924,284.230462,,,pending,,
partial_sivep_50_50_age0_v1,PR,2026-09-20,2026-09-26,2026-09-26,2026-10-03T16:33:15+00:00,2026-09-28,2,324.641000,29.000000,0.286572,5250.000000,18320.000000,2025-07-06,2026-06-28,101.196190,212.918595,,,pending,,
partial_sivep_50_50_age0_v1,RJ,2026-08-16,2026-08-22,2026-08-22,2026-09-01T22:39:17+00:00,2026-08-24,2,239.472000,9.000000,0.151852,2038.000000,13421.000000,2025-06-01,2026-05-24,59.268400,149.370200,,,pending,,
partial_sivep_50_50_age0_v1,RJ,2026-09-13,2026-09-19,2026-09-19,2026-10-03T10:31:57+00:00,2026-09-28,9,221.638000,43.000000,0.151735,1946.000000,12825.000000,2025-06-29,2026-06-21,283.389003,252.513502,,,pending,,
partial_sivep_50_50_age0_v1,RJ,2026-09-20,2026-09-26,2026-09-26,2026-10-03T16:33:15+00:00,2026-09-28,2,227.466000,15.000000,0.151307,1939.000000,12815.000000,2025-07-06,2026-06-28,99.136153,163.301076,,,pending,,
partial_sivep_50_50_age0_v1,RN,2026-08-16,2026-08-22,2026-08-22,2026-09-01T22:39:17+00:00,2026-08-24,2,41.305000,0.000000,0.243560,520.000000,2135.000000,2025-06-01,2026-05-24,0.000000,20.652500,,,pending,,
partial_sivep_50_50_age0_v1,RN,2026-09-13,2026-09-19,2026-09-19,2026-10-03T10:31:57+00:00,2026-09-28,9,32.144000,3.000000,0.245480,516.000000,2102.000000,2025-06-29,2026-06-21,12.220930,22.182465,,,pending,,
partial_sivep_50_50_age0_v1,RN,2026-09-20,2026-09-26,2026-09-26,2026-10-03T16:33:15+00:00,2026-09-28,2,35.001000,1.000000,0.245815,514.000000,2091.000000,2025-07-06,2026-06-28,4.068093,19.534547,,,pending,,
partial_sivep_50_50_age0_v1,RO,2026-08-16,2026-08-22,2026-08-22,2026-09-01T22:39:17+00:00,2026-08-24,2,18.969000,0.000000,0.179926,242.000000,1345.000000,2025-06-01,2026-05-24,0.000000,9.484500,,,pending,,
partial_sivep_50_50_age0_v1,RO,2026-09-13,2026-09-19,2026-09-19,2026-10-03T10:31:57+00:00,2026-09-28,9,20.116000,3.000000,0.185217,218.000000,1177.000000,2025-06-29,2026-06-21,16.197248,18.156624,,,pending,,
partial_sivep_50_50_age0_v1,RO,2026-09-20,2026-09-26,2026-09-26,2026-10-03T16:33:15+00:00,2026-09-28,2,17.167000,1.000000,0.188696,217.000000,1150.000000,2025-07-06,2026-06-28,5.299539,11.233270,,,pending,,
partial_sivep_50_50_age0_v1,RR,2026-08-16,2026-08-22,2026-08-22,2026-09-01T22:39:17+00:00,2026-08-24,2,31.605000,5.000000,0.300250,481.000000,1602.000000,2025-06-01,2026-05-24,16.652807,24.128903,,,pending,,
partial_sivep_50_50_age0_v1,RR,2026-09-13,2026-09-19,2026-09-19,2026-10-03T10:31:57+00:00,2026-09-28,9,29.384000,10.000000,0.327285,505.000000,1543.000000,2025-06-29,2026-06-21,30.554455,29.969228,,,pending,,
partial_sivep_50_50_age0_v1,RR,2026-09-20,2026-09-26,2026-09-26,2026-10-03T16:33:15+00:00,2026-09-28,2,30.046000,3.000000,0.329857,506.000000,1534.000000,2025-07-06,2026-06-28,9.094862,19.570431,,,pending,,
partial_sivep_50_50_age0_v1,RS,2026-08-16,2026-08-22,2026-08-22,2026-09-01T22:39:17+00:00,2026-08-24,2,267.757000,34.000000,0.205336,2963.000000,14430.000000,2025-06-01,2026-05-24,165.582180,216.669590,,,pending,,
partial_sivep_50_50_age0_v1,RS,2026-09-13,2026-09-19,2026-09-19,2026-10-03T10:31:57+00:00,2026-09-28,9,302.336000,85.000000,0.207868,2811.000000,13523.000000,2025-06-29,2026-06-21,408.913198,355.624599,,,pending,,
partial_sivep_50_50_age0_v1,RS,2026-09-20,2026-09-26,2026-09-26,2026-10-03T16:33:15+00:00,2026-09-28,2,285.090000,32.000000,0.209399,2816.000000,13448.000000,2025-07-06,2026-06-28,152.818182,218.954091,,,pending,,
partial_sivep_50_50_age0_v1,SC,2026-08-16,2026-08-22,2026-08-22,2026-09-01T22:39:17+00:00,2026-08-24,2,172.751000,26.000000,0.238197,2336.000000,9807.000000,2025-06-01,2026-05-24,109.153253,140.952127,,,pending,,
partial_sivep_50_50_age0_v1,SC,2026-09-13,2026-09-19,2026-09-19,2026-10-03T10:31:57+00:00,2026-09-28,9,179.969000,37.000000,0.238279,2221.000000,9321.000000,2025-06-29,2026-06-21,155.280054,167.624527,,,pending,,
partial_sivep_50_50_age0_v1,SC,2026-09-20,2026-09-26,2026-09-26,2026-10-03T16:33:15+00:00,2026-09-28,2,188.339000,24.000000,0.237192,2213.000000,9330.000000,2025-07-06,2026-06-28,101.183913,144.761457,,,pending,,
partial_sivep_50_50_age0_v1,SE,2026-08-16,2026-08-22,2026-08-22,2026-09-01T22:39:17+00:00,2026-08-24,2,62.309000,4.000000,0.207504,719.000000,3465.000000,2025-06-01,2026-05-24,19.276773,40.792887,,,pending,,
partial_sivep_50_50_age0_v1,SE,2026-09-13,2026-09-19,2026-09-19,2026-10-03T10:31:57+00:00,2026-09-28,9,51.117000,26.000000,0.206854,676.000000,3268.000000,2025-06-29,2026-06-21,125.692308,88.404654,,,pending,,
partial_sivep_50_50_age0_v1,SE,2026-09-20,2026-09-26,2026-09-26,2026-10-03T16:33:15+00:00,2026-09-28,2,52.489000,5.000000,0.208927,674.000000,3226.000000,2025-07-06,2026-06-28,23.931751,38.210375,,,pending,,
partial_sivep_50_50_age0_v1,SP,2026-08-16,2026-08-22,2026-08-22,2026-09-01T22:39:17+00:00,2026-08-24,2,871.613000,50.000000,0.213786,10018.000000,46860.000000,2025-06-01,2026-05-24,233.879018,552.746009,,,pending,,
partial_sivep_50_50_age0_v1,SP,2026-09-13,2026-09-19,2026-09-19,2026-10-03T10:31:57+00:00,2026-09-28,9,783.755000,140.000000,0.211345,9896.000000,46824.000000,2025-06-29,2026-06-21,662.425222,723.090111,,,pending,,
partial_sivep_50_50_age0_v1,SP,2026-09-20,2026-09-26,2026-09-26,2026-10-03T16:33:15+00:00,2026-09-28,2,797.655000,61.000000,0.211641,9952.000000,47023.000000,2025-07-06,2026-06-28,288.223774,542.939387,,,pending,,
partial_sivep_50_50_age0_v1,TO,2026-08-16,2026-08-22,2026-08-22,2026-09-01T22:39:17+00:00,2026-08-24,2,8.670000,2.000000,0.286344,130.000000,454.000000,2025-06-01,2026-05-24,6.984615,7.827308,,,pending,,
partial_sivep_50_50_age0_v1,TO,2026-09-13,2026-09-19,2026-09-19,2026-10-03T10:31:57+00:00,2026-09-28,9,9.888000,2.000000,0.287703,124.000000,431.000000,2025-06-29,2026-06-21,6.951613,8.419806,,,pending,,
partial_sivep_50_50_age0_v1,TO,2026-09-20,2026-09-26,2026-09-26,2026-10-03T16:33:15+00:00,2026-09-28,2,9.006000,2.000000,0.295082,126.000000,427.000000,2025-07-06,2026-06-28,6.777778,7.891889,,,pending,,
seasonal,AC,2026-08-16,2026-08-22,2026-08-22,2026-09-01T22:39:17+00:00,2026-08-24,2,,1.000000,,,,,,,29.400000,16.600000,46.560000,pending,,
seasonal,AC,2026-08-30,2026-09-05,2026-09-05,2026-09-11T01:58:17+00:00,2026-08-24,-12,,0.000000,,,,,,,27.800000,15.000000,44.960000,pending,,
seasonal,AC,2026-09-20,2026-09-26,2026-09-26,2026-10-03T10:31:57+00:00,2026-09-28,2,,1.000000,,,,,,,27.800000,15.320000,44.960000,pending,,
seasonal,AC,2026-09-27,2026-10-03,2026-10-03,2026-10-10T17:24:59+00:00,2026-09-28,-5,,0.000000,,,,,,,29.800000,17.320000,46.960000,pending,,
seasonal,AL,2026-08-16,2026-08-22,2026-08-22,2026-09-01T22:39:17+00:00,2026-08-24,2,,1.000000,,,,,,,28.600000,10.200000,55.560000,pending,,
seasonal,AL,2026-08-30,2026-09-05,2026-09-05,2026-09-11T01:58:17+00:00,2026-08-24,-12,,0.000000,,,,,,,24.600000,6.200000,51.560000,pending,,
seasonal,AL,2026-09-20,2026-09-26,2026-09-26,2026-10-03T10:31:57+00:00,2026-09-28,2,,4.000000,,,,,,,17.600000,0.000000,44.560000,pending,,
seasonal,AL,2026-09-27,2026-10-03,2026-10-03,2026-10-10T17:24:59+00:00,2026-09-28,-5,,0.000000,,,,,,,16.800000,0.000000,43.760000,pending,,
seasonal,AM,2026-08-16,2026-08-22,2026-08-22,2026-09-01T22:39:17+00:00,2026-08-24,2,,9.000000,,,,,,,89.400000,71.960000,129.800000,pending,,
seasonal,AM,2026-08-30,2026-09-05,2026-09-05,2026-09-11T01:58:17+00:00,2026-08-24,-12,,0.000000,,,,,,,97.000000,79.560000,137.400000,pending,,
seasonal,AM,2026-09-20,2026-09-26,2026-09-26,2026-10-03T10:31:57+00:00,2026-09-28,2,,3.000000,,,,,,,89.000000,62.400000,129.000000,pending,,
seasonal,AM,2026-09-27,2026-10-03,2026-10-03,2026-10-10T17:24:59+00:00,2026-09-28,-5,,0.000000,,,,,,,76.800000,50.200000,116.800000,pending,,
seasonal,AP,2026-08-16,2026-08-22,2026-08-22,2026-09-01T22:39:17+00:00,2026-08-24,2,,2.000000,,,,,,,31.200000,19.840000,45.800000,pending,,
seasonal,AP,2026-08-30,2026-09-05,2026-09-05,2026-09-11T01:58:17+00:00,2026-08-24,-12,,0.000000,,,,,,,30.800000,19.440000,45.400000,pending,,
seasonal,AP,2026-09-20,2026-09-26,2026-09-26,2026-10-03T10:31:57+00:00,2026-09-28,2,,2.000000,,,,,,,28.000000,17.400000,42.600000,pending,,
seasonal,AP,2026-09-27,2026-10-03,2026-10-03,2026-10-10T17:24:59+00:00,2026-09-28,-5,,0.000000,,,,,,,27.600000,17.000000,42.200000,pending,,
seasonal,BA,2026-08-16,2026-08-22,2026-08-22,2026-09-01T22:39:17+00:00,2026-08-24,2,,10.000000,,,,,,,245.200000,161.600000,344.160000,pending,,
seasonal,BA,2026-08-30,2026-09-05,2026-09-05,2026-09-11T01:58:17+00:00,2026-08-24,-12,,0.000000,,,,,,,231.000000,147.400000,329.960000,pending,,
seasonal,BA,2026-09-20,2026-09-26,2026-09-26,2026-10-03T10:31:57+00:00,2026-09-28,2,,17.000000,,,,,,,207.200000,94.040000,306.160000,pending,,
seasonal,BA,2026-09-27,2026-10-03,2026-10-03,2026-10-10T17:24:59+00:00,2026-09-28,-5,,0.000000,,,,,,,195.800000,82.640000,294.760000,pending,,
seasonal,BR,2026-08-16,2026-08-22,2026-08-22,2026-09-01T22:39:17+00:00,2026-08-24,2,,274.000000,,,,,,,4051.800000,2547.560000,5113.340000,pending,,
seasonal,BR,2026-08-30,2026-09-05,2026-09-05,2026-09-11T01:58:17+00:00,2026-08-24,-12,,0.000000,,,,,,,3978.800000,2525.920000,5040.400000,pending,,
seasonal,BR,2026-09-20,2026-09-26,2026-09-26,2026-10-03T10:31:57+00:00,2026-09-28,2,,276.000000,,,,,,,3766.800000,2448.460000,4827.420000,pending,,
seasonal,BR,2026-09-27,2026-10-03,2026-10-03,2026-10-10T17:24:59+00:00,2026-09-28,-5,,0.000000,,,,,,,3789.400000,2471.060000,4850.020000,pending,,
seasonal,CE,2026-08-16,2026-08-22,2026-08-22,2026-09-01T22:39:17+00:00,2026-08-24,2,,10.000000,,,,,,,121.400000,83.200000,207.200000,pending,,
seasonal,CE,2026-08-30,2026-09-05,2026-09-05,2026-09-11T01:58:17+00:00,2026-08-24,-12,,0.000000,,,,,,,119.400000,81.200000,205.200000,pending,,
seasonal,CE,2026-09-20,2026-09-26,2026-09-26,2026-10-03T10:31:57+00:00,2026-09-28,2,,10.000000,,,,,,,119.400000,80.960000,206.400000,pending,,
seasonal,CE,2026-09-27,2026-10-03,2026-10-03,2026-10-10T17:24:59+00:00,2026-09-28,-5,,0.000000,,,,,,,116.800000,78.360000,203.800000,pending,,
seasonal,DF,2026-08-16,2026-08-22,2026-08-22,2026-09-01T22:39:17+00:00,2026-08-24,2,,3.000000,,,,,,,138.400000,86.360000,207.720000,pending,,
seasonal,DF,2026-08-30,2026-09-05,2026-09-05,2026-09-11T01:58:17+00:00,2026-08-24,-12,,0.000000,,,,,,,144.800000,92.760000,214.120000,pending,,
seasonal,DF,2026-09-20,2026-09-26,2026-09-26,2026-10-03T10:31:57+00:00,2026-09-28,2,,2.000000,,,,,,,115.800000,57.920000,176.200000,pending,,
seasonal,DF,2026-09-27,2026-10-03,2026-10-03,2026-10-10T17:24:59+00:00,2026-09-28,-5,,0.000000,,,,,,,100.400000,42.520000,160.800000,pending,,
seasonal,ES,2026-08-16,2026-08-22,2026-08-22,2026-09-01T22:39:17+00:00,2026-08-24,2,,1.000000,,,,,,,66.200000,23.160000,109.000000,pending,,
seasonal,ES,2026-08-30,2026-09-05,2026-09-05,2026-09-11T01:58:17+00:00,2026-08-24,-12,,0.000000,,,,,,,71.800000,28.760000,114.600000,pending,,
seasonal,ES,2026-09-20,2026-09-26,2026-09-26,2026-10-03T10:31:57+00:00,2026-09-28,2,,1.000000,,,,,,,78.400000,37.640000,121.200000,pending,,
seasonal,ES,2026-09-27,2026-10-03,2026-10-03,2026-10-10T17:24:59+00:00,2026-09-28,-5,,0.000000,,,,,,,80.800000,40.040000,123.600000,pending,,
seasonal,GO,2026-08-16,2026-08-22,2026-08-22,2026-09-01T22:39:17+00:00,2026-08-24,2,,11.000000,,,,,,,140.800000,112.080000,242.480000,pending,,
seasonal,GO,2026-08-30,2026-09-05,2026-09-05,2026-09-11T01:58:17+00:00,2026-08-24,-12,,0.000000,,,,,,,161.200000,132.480000,262.880000,pending,,
seasonal,GO,2026-09-20,2026-09-26,2026-09-26,2026-10-03T10:31:57+00:00,2026-09-28,2,,10.000000,,,,,,,162.800000,133.320000,264.480000,pending,,
seasonal,GO,2026-09-27,2026-10-03,2026-10-03,2026-10-10T17:24:59+00:00,2026-09-28,-5,,0.000000,,,,,,,162.400000,132.920000,264.080000,pending,,
seasonal,MA,2026-08-16,2026-08-22,2026-08-22,2026-09-01T22:39:17+00:00,2026-08-24,2,,0.000000,,,,,,,37.600000,19.840000,88.840000,pending,,
seasonal,MA,2026-08-30,2026-09-05,2026-09-05,2026-09-11T01:58:17+00:00,2026-08-24,-12,,0.000000,,,,,,,40.600000,22.840000,91.840000,pending,,
seasonal,MA,2026-09-20,2026-09-26,2026-09-26,2026-10-03T10:31:57+00:00,2026-09-28,2,,2.000000,,,,,,,36.400000,16.160000,87.640000,pending,,
seasonal,MA,2026-09-27,2026-10-03,2026-10-03,2026-10-10T17:24:59+00:00,2026-09-28,-5,,0.000000,,,,,,,36.800000,16.560000,88.040000,pending,,
seasonal,MG,2026-08-16,2026-08-22,2026-08-22,2026-09-01T22:39:17+00:00,2026-08-24,2,,24.000000,,,,,,,456.400000,288.640000,952.160000,pending,,
seasonal,MG,2026-08-30,2026-09-05,2026-09-05,2026-09-11T01:58:17+00:00,2026-08-24,-12,,0.000000,,,,,,,461.400000,293.640000,957.160000,pending,,
seasonal,MG,2026-09-20,2026-09-26,2026-09-26,2026-10-03T10:31:57+00:00,2026-09-28,2,,26.000000,,,,,,,433.200000,270.240000,928.960000,pending,,
seasonal,MG,2026-09-27,2026-10-03,2026-10-03,2026-10-10T17:24:59+00:00,2026-09-28,-5,,0.000000,,,,,,,420.600000,257.640000,916.360000,pending,,
seasonal,MS,2026-08-16,2026-08-22,2026-08-22,2026-09-01T22:39:17+00:00,2026-08-24,2,,8.000000,,,,,,,142.400000,68.600000,272.280000,pending,,
seasonal,MS,2026-08-30,2026-09-05,2026-09-05,2026-09-11T01:58:17+00:00,2026-08-24,-12,,0.000000,,,,,,,134.800000,61.000000,264.680000,pending,,
seasonal,MS,2026-09-20,2026-09-26,2026-09-26,2026-10-03T10:31:57+00:00,2026-09-28,2,,7.000000,,,,,,,121.400000,41.360000,251.280000,pending,,
seasonal,MS,2026-09-27,2026-10-03,2026-10-03,2026-10-10T17:24:59+00:00,2026-09-28,-5,,0.000000,,,,,,,118.200000,38.160000,248.080000,pending,,
seasonal,MT,2026-08-16,2026-08-22,2026-08-22,2026-09-01T22:39:17+00:00,2026-08-24,2,,2.000000,,,,,,,41.000000,27.480000,103.760000,pending,,
seasonal,MT,2026-08-30,2026-09-05,2026-09-05,2026-09-11T01:58:17+00:00,2026-08-24,-12,,0.000000,,,,,,,37.200000,23.680000,99.960000,pending,,
seasonal,MT,2026-09-20,2026-09-26,2026-09-26,2026-10-03T10:31:57+00:00,2026-09-28,2,,0.000000,,,,,,,32.600000,16.080000,98.440000,pending,,
seasonal,MT,2026-09-27,2026-10-03,2026-10-03,2026-10-10T17:24:59+00:00,2026-09-28,-5,,0.000000,,,,,,,31.200000,14.680000,97.040000,pending,,
seasonal,PA,2026-08-16,2026-08-22,2026-08-22,2026-09-01T22:39:17+00:00,2026-08-24,2,,1.000000,,,,,,,88.600000,67.440000,151.840000,pending,,
seasonal,PA,2026-08-30,2026-09-05,2026-09-05,2026-09-11T01:58:17+00:00,2026-08-24,-12,,0.000000,,,,,,,82.800000,61.640000,146.040000,pending,,
seasonal,PA,2026-09-20,2026-09-26,2026-09-26,2026-10-03T10:31:57+00:00,2026-09-28,2,,4.000000,,,,,,,85.800000,62.840000,149.040000,pending,,
seasonal,PA,2026-09-27,2026-10-03,2026-10-03,2026-10-10T17:24:59+00:00,2026-09-28,-5,,0.000000,,,,,,,82.600000,59.640000,145.840000,pending,,
seasonal,PB,2026-08-16,2026-08-22,2026-08-22,2026-09-01T22:39:17+00:00,2026-08-24,2,,17.000000,,,,,,,120.800000,89.240000,198.560000,pending,,
seasonal,PB,2026-08-30,2026-09-05,2026-09-05,2026-09-11T01:58:17+00:00,2026-08-24,-12,,0.000000,,,,,,,116.600000,85.040000,194.360000,pending,,
seasonal,PB,2026-09-20,2026-09-26,2026-09-26,2026-10-03T10:31:57+00:00,2026-09-28,2,,10.000000,,,,,,,96.600000,43.960000,174.360000,pending,,
seasonal,PB,2026-09-27,2026-10-03,2026-10-03,2026-10-10T17:24:59+00:00,2026-09-28,-5,,0.000000,,,,,,,90.600000,37.960000,168.360000,pending,,
seasonal,PE,2026-08-16,2026-08-22,2026-08-22,2026-09-01T22:39:17+00:00,2026-08-24,2,,8.000000,,,,,,,97.600000,22.240000,147.120000,pending,,
seasonal,PE,2026-08-30,2026-09-05,2026-09-05,2026-09-11T01:58:17+00:00,2026-08-24,-12,,0.000000,,,,,,,95.000000,19.640000,144.520000,pending,,
seasonal,PE,2026-09-20,2026-09-26,2026-09-26,2026-10-03T10:31:57+00:00,2026-09-28,2,,9.000000,,,,,,,80.800000,2.480000,130.320000,pending,,
seasonal,PE,2026-09-27,2026-10-03,2026-10-03,2026-10-10T17:24:59+00:00,2026-09-28,-5,,0.000000,,,,,,,77.400000,0.000000,126.920000,pending,,
seasonal,PI,2026-08-16,2026-08-22,2026-08-22,2026-09-01T22:39:17+00:00,2026-08-24,2,,1.000000,,,,,,,21.600000,10.760000,29.800000,pending,,
seasonal,PI,2026-08-30,2026-09-05,2026-09-05,2026-09-11T01:58:17+00:00,2026-08-24,-12,,0.000000,,,,,,,18.000000,7.160000,26.200000,pending,,
seasonal,PI,2026-09-20,2026-09-26,2026-09-26,2026-10-03T10:31:57+00:00,2026-09-28,2,,1.000000,,,,,,,14.200000,3.680000,23.360000,pending,,
seasonal,PI,2026-09-27,2026-10-03,2026-10-03,2026-10-10T17:24:59+00:00,2026-09-28,-5,,0.000000,,,,,,,13.600000,3.080000,22.760000,pending,,
seasonal,PR,2026-08-16,2026-08-22,2026-08-22,2026-09-01T22:39:17+00:00,2026-08-24,2,,35.000000,,,,,,,374.400000,240.840000,608.400000,pending,,
seasonal,PR,2026-08-30,2026-09-05,2026-09-05,2026-09-11T01:58:17+00:00,2026-08-24,-12,,0.000000,,,,,,,351.800000,218.240000,585.800000,pending,,
seasonal,PR,2026-09-20,2026-09-26,2026-09-26,2026-10-03T10:31:57+00:00,2026-09-28,2,,29.000000,,,,,,,341.400000,207.840000,575.400000,pending,,
seasonal,PR,2026-09-27,2026-10-03,2026-10-03,2026-10-10T17:24:59+00:00,2026-09-28,-5,,0.000000,,,,,,,339.000000,205.440000,573.000000,pending,,
seasonal,RJ,2026-08-16,2026-08-22,2026-08-22,2026-09-01T22:39:17+00:00,2026-08-24,2,,9.000000,,,,,,,249.600000,151.080000,425.120000,pending,,
seasonal,RJ,2026-08-30,2026-09-05,2026-09-05,2026-09-11T01:58:17+00:00,2026-08-24,-12,,0.000000,,,,,,,247.400000,148.880000,422.920000,pending,,
seasonal,RJ,2026-09-20,2026-09-26,2026-09-26,2026-10-03T10:31:57+00:00,2026-09-28,2,,15.000000,,,,,,,239.200000,143.120000,414.720000,pending,,
seasonal,RJ,2026-09-27,2026-10-03,2026-10-03,2026-10-10T17:24:59+00:00,2026-09-28,-5,,0.000000,,,,,,,244.200000,148.120000,419.720000,pending,,
seasonal,RN,2026-08-16,2026-08-22,2026-08-22,2026-09-01T22:39:17+00:00,2026-08-24,2,,0.000000,,,,,,,40.600000,24.160000,52.280000,pending,,
seasonal,RN,2026-08-30,2026-09-05,2026-09-05,2026-09-11T01:58:17+00:00,2026-08-24,-12,,0.000000,,,,,,,34.400000,17.960000,46.080000,pending,,
seasonal,RN,2026-09-20,2026-09-26,2026-09-26,2026-10-03T10:31:57+00:00,2026-09-28,2,,1.000000,,,,,,,35.200000,14.400000,46.880000,pending,,
seasonal,RN,2026-09-27,2026-10-03,2026-10-03,2026-10-10T17:24:59+00:00,2026-09-28,-5,,0.000000,,,,,,,34.800000,14.000000,46.480000,pending,,
seasonal,RO,2026-08-16,2026-08-22,2026-08-22,2026-09-01T22:39:17+00:00,2026-08-24,2,,0.000000,,,,,,,21.000000,0.000000,44.400000,pending,,
seasonal,RO,2026-08-30,2026-09-05,2026-09-05,2026-09-11T01:58:17+00:00,2026-08-24,-12,,0.000000,,,,,,,21.400000,0.000000,44.800000,pending,,
seasonal,RO,2026-09-20,2026-09-26,2026-09-26,2026-10-03T10:31:57+00:00,2026-09-28,2,,1.000000,,,,,,,18.800000,0.000000,42.200000,pending,,
seasonal,RO,2026-09-27,2026-10-03,2026-10-03,2026-10-10T17:24:59+00:00,2026-09-28,-5,,0.000000,,,,,,,15.600000,0.000000,39.000000,pending,,
seasonal,RR,2026-08-16,2026-08-22,2026-08-22,2026-09-01T22:39:17+00:00,2026-08-24,2,,5.000000,,,,,,,33.800000,29.200000,53.800000,pending,,
seasonal,RR,2026-08-30,2026-09-05,2026-09-05,2026-09-11T01:58:17+00:00,2026-08-24,-12,,0.000000,,,,,,,31.400000,26.800000,51.400000,pending,,
seasonal,RR,2026-09-20,2026-09-26,2026-09-26,2026-10-03T10:31:57+00:00,2026-09-28,2,,4.000000,,,,,,,31.400000,18.880000,51.400000,pending,,
seasonal,RR,2026-09-27,2026-10-03,2026-10-03,2026-10-10T17:24:59+00:00,2026-09-28,-5,,0.000000,,,,,,,31.000000,18.480000,51.000000,pending,,
seasonal,RS,2026-08-16,2026-08-22,2026-08-22,2026-09-01T22:39:17+00:00,2026-08-24,2,,34.000000,,,,,,,305.000000,186.760000,546.760000,pending,,
seasonal,RS,2026-08-30,2026-09-05,2026-09-05,2026-09-11T01:58:17+00:00,2026-08-24,-12,,0.000000,,,,,,,303.200000,184.960000,544.960000,pending,,
seasonal,RS,2026-09-20,2026-09-26,2026-09-26,2026-10-03T10:31:57+00:00,2026-09-28,2,,32.000000,,,,,,,277.400000,159.160000,519.160000,pending,,
seasonal,RS,2026-09-27,2026-10-03,2026-10-03,2026-10-10T17:24:59+00:00,2026-09-28,-5,,0.000000,,,,,,,268.600000,150.360000,510.360000,pending,,
seasonal,SC,2026-08-16,2026-08-22,2026-08-22,2026-09-01T22:39:17+00:00,2026-08-24,2,,26.000000,,,,,,,196.800000,91.560000,334.240000,pending,,
seasonal,SC,2026-08-30,2026-09-05,2026-09-05,2026-09-11T01:58:17+00:00,2026-08-24,-12,,0.000000,,,,,,,202.200000,96.960000,339.640000,pending,,
seasonal,SC,2026-09-20,2026-09-26,2026-09-26,2026-10-03T10:31:57+00:00,2026-09-28,2,,24.000000,,,,,,,209.200000,100.080000,348.240000,pending,,
seasonal,SC,2026-09-27,2026-10-03,2026-10-03,2026-10-10T17:24:59+00:00,2026-09-28,-5,,0.000000,,,,,,,209.200000,100.080000,348.240000,pending,,
seasonal,SE,2026-08-16,2026-08-22,2026-08-22,2026-09-01T22:39:17+00:00,2026-08-24,2,,4.000000,,,,,,,66.200000,35.400000,96.200000,pending,,
seasonal,SE,2026-08-30,2026-09-05,2026-09-05,2026-09-11T01:58:17+00:00,2026-08-24,-12,,0.000000,,,,,,,55.000000,24.200000,85.000000,pending,,
seasonal,SE,2026-09-13,2026-09-19,2026-09-19,2026-10-03T10:31:57+00:00,2026-09-28,9,,54.000000,,,,,,,52.200000,19.600000,79.280000,pending,,
seasonal,SE,2026-09-20,2026-09-26,2026-09-26,2026-10-03T16:33:15+00:00,2026-09-28,2,,5.000000,,,,,,,55.200000,22.600000,82.280000,pending,,
seasonal,SE,2026-09-27,2026-10-03,2026-10-03,2026-10-10T17:24:59+00:00,2026-09-28,-5,,0.000000,,,,,,,56.000000,23.400000,83.080000,pending,,
seasonal,SP,2026-08-16,2026-08-22,2026-08-22,2026-09-01T22:39:17+00:00,2026-08-24,2,,50.000000,,,,,,,860.200000,600.840000,1263.800000,pending,,
seasonal,SP,2026-08-30,2026-09-05,2026-09-05,2026-09-11T01:58:17+00:00,2026-08-24,-12,,0.000000,,,,,,,827.600000,568.240000,1231.200000,pending,,
seasonal,SP,2026-09-20,2026-09-26,2026-09-26,2026-10-03T10:31:57+00:00,2026-09-28,2,,61.000000,,,,,,,867.200000,607.840000,1276.800000,pending,,
seasonal,SP,2026-09-27,2026-10-03,2026-10-03,2026-10-10T17:24:59+00:00,2026-09-28,-5,,0.000000,,,,,,,901.800000,642.440000,1311.400000,pending,,
seasonal,TO,2026-08-16,2026-08-22,2026-08-22,2026-09-01T22:39:17+00:00,2026-08-24,2,,2.000000,,,,,,,7.600000,0.000000,13.040000,pending,,
seasonal,TO,2026-08-30,2026-09-05,2026-09-05,2026-09-11T01:58:17+00:00,2026-08-24,-12,,0.000000,,,,,,,9.600000,0.000000,15.040000,pending,,
seasonal,TO,2026-09-13,2026-09-19,2026-09-19,2026-10-03T10:31:57+00:00,2026-09-28,9,,2.000000,,,,,,,10.200000,0.080000,15.640000,pending,,
seasonal,TO,2026-09-20,2026-09-26,2026-09-26,2026-10-03T16:33:15+00:00,2026-09-28,2,,2.000000,,,,,,,10.400000,0.280000,15.840000,pending,,
seasonal,TO,2026-09-27,2026-10-03,2026-10-03,2026-10-10T17:24:59+00:00,2026-09-28,-5,,0.000000,,,,,,,11.000000,0.880000,16.440000,pending,,
